{"atlas":{"type":"mtsdf","distanceRange":10,"distanceRangeMiddle":0,"size":64,"width":252,"height":252,"yOrigin":"bottom"},"metrics":{"emSize":1,"lineHeight":1,"ascender":0.9375,"descender":-0.0625,"underlineY":0,"underlineThickness":0},"glyphs":[{"unicode":32,"advance":0.5},{"unicode":65,"advance":1,"planeBounds":{"left":-0.03125,"bottom":-0.1015625,"right":1.03125,"top":0.9765625},"atlasBounds":{"left":75.5,"bottom":182.5,"right":143.5,"top":251.5}},{"unicode":66,"advance":1,"planeBounds":{"left":-0.03125,"bottom":-0.1015625,"right":1.03125,"top":0.9765625},"atlasBounds":{"left":75.5,"bottom":112.5,"right":143.5,"top":181.5}},{"unicode":67,"advance":1,"planeBounds":{"left":-0.03125,"bottom":-0.1015625,"right":1.03125,"top":0.9765625},"atlasBounds":{"left":75.5,"bottom":42.5,"right":143.5,"top":111.5}},{"unicode":68,"advance":1,"planeBounds":{"left":0.17724609375,"bottom":0.1328125,"right":0.86474609375,"top":0.7421875},"atlasBounds":{"left":75.5,"bottom":2.5,"right":119.5,"top":41.5}},{"unicode":69,"advance":1,"planeBounds":{"left":0.015625,"bottom":-0.1015625,"right":0.984375,"top":0.9765625},"atlasBounds":{"left":144.5,"bottom":118.5,"right":206.5,"top":187.5}},{"unicode":70,"advance":1,"planeBounds":{"left":0.015625,"bottom":-0.1015625,"right":0.984375,"top":0.9765625},"atlasBounds":{"left":144.5,"bottom":48.5,"right":206.5,"top":117.5}},{"unicode":71,"advance":1,"planeBounds":{"left":0.046875,"bottom":0.2734375,"right":0.953125,"top":0.6015625},"atlasBounds":{"left":144.5,"bottom":26.5,"right":202.5,"top":47.5}},{"unicode":72,"advance":1,"planeBounds":{"left":0.015625,"bottom":-0.0546875,"right":0.984375,"top":0.9296875},"atlasBounds":{"left":144.5,"bottom":188.5,"right":206.5,"top":251.5}},{"unicode":73,"advance":1,"planeBounds":{"left":0.015625,"bottom":-0.0078125,"right":0.984375,"top":0.8515625},"atlasBounds":{"left":0.5,"bottom":3.5,"right":62.5,"top":58.5}},{"unicode":80,"advance":1,"planeBounds":{"left":-0.04736328125,"bottom":-0.0546875,"right":1.04638671875,"top":0.9296875},"atlasBounds":{"left":0.5,"bottom":128.5,"right":70.5,"top":191.5}},{"unicode":81,"advance":1,"planeBounds":{"left":-0.078125,"bottom":-0.0234375,"right":1.078125,"top":0.8984375},"atlasBounds":{"left":0.5,"bottom":192.5,"right":74.5,"top":251.5}},{"unicode":82,"advance":0.9365234375,"planeBounds":{"left":-0.077068519610921996,"bottom":-0.0703125,"right":1.016681480389078,"top":0.9921875},"atlasBounds":{"left":0.5,"bottom":59.5,"right":70.5,"top":127.5}}],"kerning":[]}
