{"atlas":{"type":"mtsdf","distanceRange":10,"distanceRangeMiddle":0,"size":64,"width":656,"height":656,"yOrigin":"bottom"},"metrics":{"emSize":1,"lineHeight":1.193359375,"ascender":0.9521484375,"descender":-0.2412109375,"underlineY":0,"underlineThickness":0},"glyphs":[{"unicode":32,"advance":0.19775390625},{"unicode":33,"advance":0.31640625,"planeBounds":{"left":-0.005859375,"bottom":-0.1015625,"right":0.322265625,"top":0.7890625},"atlasBounds":{"left":607.5,"bottom":276.5,"right":628.5,"top":333.5}},{"unicode":34,"advance":0.45361328125,"planeBounds":{"left":-0.031005859375,"bottom":0.3515625,"right":0.484619140625,"top":0.7890625},"atlasBounds":{"left":344.5,"bottom":0.5,"right":377.5,"top":28.5}},{"unicode":35,"advance":0.63671875,"planeBounds":{"left":-0.080078125,"bottom":-0.0859375,"right":0.716796875,"top":0.7890625},"atlasBounds":{"left":191.5,"bottom":438.5,"right":242.5,"top":494.5}},{"unicode":36,"advance":0.6474609375,"planeBounds":{"left":-0.03564453125,"bottom":-0.1484375,"right":0.68310546875,"top":0.8671875},"atlasBounds":{"left":295.5,"bottom":123.5,"right":341.5,"top":188.5}},{"unicode":37,"advance":0.8154296875,"planeBounds":{"left":-0.06103515625,"bottom":-0.1015625,"right":0.87646484375,"top":0.8046875},"atlasBounds":{"left":0.5,"bottom":79.5,"right":60.5,"top":137.5}},{"unicode":38,"advance":0.70166015625,"planeBounds":{"left":-0.0498046875,"bottom":-0.1015625,"right":0.7939453125,"top":0.8046875},"atlasBounds":{"left":75.5,"bottom":33.5,"right":129.5,"top":91.5}},{"unicode":40,"advance":0.3818359375,"planeBounds":{"left":0.008056640625,"bottom":-0.2421875,"right":0.445556640625,"top":0.7890625},"atlasBounds":{"left":607.5,"bottom":388.5,"right":635.5,"top":454.5}},{"unicode":41,"advance":0.3818359375,"planeBounds":{"left":-0.063720703125,"bottom":-0.2421875,"right":0.373779296875,"top":0.7890625},"atlasBounds":{"left":607.5,"bottom":455.5,"right":635.5,"top":521.5}},{"unicode":42,"advance":0.4853515625,"planeBounds":{"left":-0.029541015625,"bottom":0.2734375,"right":0.517333984375,"top":0.8203125},"atlasBounds":{"left":191.5,"bottom":3.5,"right":226.5,"top":38.5}},{"unicode":43,"advance":0.6474609375,"planeBounds":{"left":-0.02001953125,"bottom":-0.0859375,"right":0.66748046875,"top":0.6484375},"atlasBounds":{"left":391.5,"bottom":494.5,"right":435.5,"top":541.5}},{"unicode":44,"advance":0.27783203125,"planeBounds":{"left":-0.041259765625,"bottom":-0.2421875,"right":0.302490234375,"top":0.2109375},"atlasBounds":{"left":75.5,"bottom":3.5,"right":97.5,"top":32.5}},{"unicode":45,"advance":0.44189453125,"planeBounds":{"left":-0.021240234375,"bottom":0.1328125,"right":0.463134765625,"top":0.4296875},"atlasBounds":{"left":98.5,"bottom":13.5,"right":129.5,"top":32.5}},{"unicode":46,"advance":0.27783203125,"planeBounds":{"left":-0.02490234375,"bottom":-0.0859375,"right":0.30322265625,"top":0.2421875},"atlasBounds":{"left":39.5,"bottom":11.5,"right":60.5,"top":32.5}},{"unicode":47,"advance":0.3818359375,"planeBounds":{"left":-0.08251953125,"bottom":-0.2421875,"right":0.46435546875,"top":0.7890625},"atlasBounds":{"left":566.5,"bottom":363.5,"right":601.5,"top":429.5}},{"unicode":48,"advance":0.65087890625,"planeBounds":{"left":-0.041748046875,"bottom":-0.1015625,"right":0.692626953125,"top":0.8046875},"atlasBounds":{"left":295.5,"bottom":539.5,"right":342.5,"top":597.5}},{"unicode":49,"advance":0.47998046875,"planeBounds":{"left":-0.042236328125,"bottom":-0.0859375,"right":0.457763671875,"top":0.7890625},"atlasBounds":{"left":566.5,"bottom":172.5,"right":598.5,"top":228.5}},{"unicode":50,"advance":0.60302734375,"planeBounds":{"left":-0.0419921875,"bottom":-0.0859375,"right":0.6455078125,"top":0.8046875},"atlasBounds":{"left":391.5,"bottom":436.5,"right":435.5,"top":493.5}},{"unicode":51,"advance":0.6298828125,"planeBounds":{"left":-0.047119140625,"bottom":-0.1015625,"right":0.671630859375,"top":0.8046875},"atlasBounds":{"left":295.5,"bottom":64.5,"right":341.5,"top":122.5}},{"unicode":52,"advance":0.64794921875,"planeBounds":{"left":-0.048583984375,"bottom":-0.0859375,"right":0.701416015625,"top":0.7890625},"atlasBounds":{"left":244.5,"bottom":152.5,"right":292.5,"top":208.5}},{"unicode":53,"advance":0.625,"planeBounds":{"left":-0.027099609375,"bottom":-0.1015625,"right":0.676025390625,"top":0.7890625},"atlasBounds":{"left":344.5,"bottom":257.5,"right":389.5,"top":314.5}},{"unicode":54,"advance":0.64306640625,"planeBounds":{"left":-0.04443359375,"bottom":-0.1015625,"right":0.68994140625,"top":0.8046875},"atlasBounds":{"left":295.5,"bottom":480.5,"right":342.5,"top":538.5}},{"unicode":55,"advance":0.572265625,"planeBounds":{"left":-0.052734375,"bottom":-0.0859375,"right":0.619140625,"top":0.7890625},"atlasBounds":{"left":436.5,"bottom":348.5,"right":479.5,"top":404.5}},{"unicode":56,"advance":0.65234375,"planeBounds":{"left":-0.041015625,"bottom":-0.1015625,"right":0.693359375,"top":0.8046875},"atlasBounds":{"left":295.5,"bottom":421.5,"right":342.5,"top":479.5}},{"unicode":57,"advance":0.64501953125,"planeBounds":{"left":-0.0458984375,"bottom":-0.1015625,"right":0.6884765625,"top":0.8046875},"atlasBounds":{"left":295.5,"bottom":362.5,"right":342.5,"top":420.5}},{"unicode":58,"advance":0.27783203125,"planeBounds":{"left":-0.02490234375,"bottom":-0.0859375,"right":0.30322265625,"top":0.5859375},"atlasBounds":{"left":162.5,"bottom":5.5,"right":183.5,"top":48.5}},{"unicode":59,"advance":0.27783203125,"planeBounds":{"left":-0.042236328125,"bottom":-0.2421875,"right":0.301513671875,"top":0.5859375},"atlasBounds":{"left":607.5,"bottom":334.5,"right":629.5,"top":387.5}},{"unicode":60,"advance":0.6474609375,"planeBounds":{"left":0.011474609375,"bottom":-0.1015625,"right":0.636474609375,"top":0.6640625},"atlasBounds":{"left":244.5,"bottom":0.5,"right":284.5,"top":49.5}},{"unicode":61,"advance":0.6474609375,"planeBounds":{"left":-0.01220703125,"bottom":0.0234375,"right":0.65966796875,"top":0.5390625},"atlasBounds":{"left":436.5,"bottom":255.5,"right":479.5,"top":288.5}},{"unicode":62,"advance":0.6474609375,"planeBounds":{"left":0.011474609375,"bottom":-0.1015625,"right":0.636474609375,"top":0.6640625},"atlasBounds":{"left":524.5,"bottom":318.5,"right":564.5,"top":367.5}},{"unicode":63,"advance":0.53369140625,"planeBounds":{"left":-0.059326171875,"bottom":-0.1015625,"right":0.581298828125,"top":0.7890625},"atlasBounds":{"left":481.5,"bottom":23.5,"right":522.5,"top":80.5}},{"unicode":64,"advance":0.8837890625,"planeBounds":{"left":-0.041748046875,"bottom":-0.1953125,"right":0.927001953125,"top":0.7890625},"atlasBounds":{"left":0.5,"bottom":296.5,"right":62.5,"top":359.5}},{"unicode":65,"advance":0.68994140625,"planeBounds":{"left":-0.06884765625,"bottom":-0.0859375,"right":0.75927734375,"top":0.7890625},"atlasBounds":{"left":136.5,"bottom":419.5,"right":189.5,"top":475.5}},{"unicode":66,"advance":0.6396484375,"planeBounds":{"left":-0.02294921875,"bottom":-0.0859375,"right":0.69580078125,"top":0.7890625},"atlasBounds":{"left":344.5,"bottom":599.5,"right":390.5,"top":655.5}},{"unicode":67,"advance":0.71240234375,"planeBounds":{"left":-0.0478515625,"bottom":-0.1015625,"right":0.7646484375,"top":0.8046875},"atlasBounds":{"left":136.5,"bottom":303.5,"right":188.5,"top":361.5}},{"unicode":68,"advance":0.69970703125,"planeBounds":{"left":-0.021728515625,"bottom":-0.0859375,"right":0.743896484375,"top":0.7890625},"atlasBounds":{"left":244.5,"bottom":488.5,"right":293.5,"top":544.5}},{"unicode":69,"advance":0.5732421875,"planeBounds":{"left":-0.0205078125,"bottom":-0.0859375,"right":0.6044921875,"top":0.7890625},"atlasBounds":{"left":524.5,"bottom":368.5,"right":564.5,"top":424.5}},{"unicode":70,"advance":0.54833984375,"planeBounds":{"left":-0.023193359375,"bottom":-0.0859375,"right":0.601806640625,"top":0.7890625},"atlasBounds":{"left":524.5,"bottom":261.5,"right":564.5,"top":317.5}},{"unicode":71,"advance":0.72705078125,"planeBounds":{"left":-0.043701171875,"bottom":-0.1015625,"right":0.768798828125,"top":0.8046875},"atlasBounds":{"left":136.5,"bottom":244.5,"right":188.5,"top":302.5}},{"unicode":72,"advance":0.7294921875,"planeBounds":{"left":-0.02587890625,"bottom":-0.0859375,"right":0.75537109375,"top":0.7890625},"atlasBounds":{"left":191.5,"bottom":222.5,"right":241.5,"top":278.5}},{"unicode":73,"advance":0.2646484375,"planeBounds":{"left":-0.02392578125,"bottom":-0.0859375,"right":0.28857421875,"top":0.7890625},"atlasBounds":{"left":607.5,"bottom":103.5,"right":627.5,"top":159.5}},{"unicode":74,"advance":0.55810546875,"planeBounds":{"left":-0.065673828125,"bottom":-0.1015625,"right":0.574951171875,"top":0.7890625},"atlasBounds":{"left":481.5,"bottom":128.5,"right":522.5,"top":185.5}},{"unicode":75,"advance":0.66064453125,"planeBounds":{"left":-0.02490234375,"bottom":-0.0859375,"right":0.74072265625,"top":0.7890625},"atlasBounds":{"left":244.5,"bottom":317.5,"right":293.5,"top":373.5}},{"unicode":76,"advance":0.54296875,"planeBounds":{"left":-0.026123046875,"bottom":-0.0859375,"right":0.598876953125,"top":0.7890625},"atlasBounds":{"left":524.5,"bottom":102.5,"right":564.5,"top":158.5}},{"unicode":77,"advance":0.86328125,"planeBounds":{"left":-0.021484375,"bottom":-0.0859375,"right":0.884765625,"top":0.7890625},"atlasBounds":{"left":75.5,"bottom":497.5,"right":133.5,"top":553.5}},{"unicode":78,"advance":0.71435546875,"planeBounds":{"left":-0.025634765625,"bottom":-0.0859375,"right":0.739990234375,"top":0.7890625},"atlasBounds":{"left":244.5,"bottom":260.5,"right":293.5,"top":316.5}},{"unicode":79,"advance":0.75244140625,"planeBounds":{"left":-0.04541015625,"bottom":-0.1015625,"right":0.79833984375,"top":0.8046875},"atlasBounds":{"left":136.5,"bottom":597.5,"right":190.5,"top":655.5}},{"unicode":80,"advance":0.61767578125,"planeBounds":{"left":-0.019775390625,"bottom":-0.0859375,"right":0.667724609375,"top":0.7890625},"atlasBounds":{"left":436.5,"bottom":542.5,"right":480.5,"top":598.5}},{"unicode":81,"advance":0.75244140625,"planeBounds":{"left":-0.045654296875,"bottom":-0.1484375,"right":0.798095703125,"top":0.8046875},"atlasBounds":{"left":136.5,"bottom":535.5,"right":190.5,"top":596.5}},{"unicode":82,"advance":0.64013671875,"planeBounds":{"left":-0.026611328125,"bottom":-0.0859375,"right":0.707763671875,"top":0.7890625},"atlasBounds":{"left":295.5,"bottom":305.5,"right":342.5,"top":361.5}},{"unicode":83,"advance":0.63134765625,"planeBounds":{"left":-0.05126953125,"bottom":-0.1015625,"right":0.68310546875,"top":0.8046875},"atlasBounds":{"left":295.5,"bottom":246.5,"right":342.5,"top":304.5}},{"unicode":84,"advance":0.6015625,"planeBounds":{"left":-0.058349609375,"bottom":-0.0859375,"right":0.660400390625,"top":0.7890625},"atlasBounds":{"left":344.5,"bottom":426.5,"right":390.5,"top":482.5}},{"unicode":85,"advance":0.70751953125,"planeBounds":{"left":-0.021240234375,"bottom":-0.1015625,"right":0.728759765625,"top":0.7890625},"atlasBounds":{"left":295.5,"bottom":598.5,"right":343.5,"top":655.5}},{"unicode":86,"advance":0.67822265625,"planeBounds":{"left":-0.06689453125,"bottom":-0.0859375,"right":0.74560546875,"top":0.7890625},"atlasBounds":{"left":136.5,"bottom":187.5,"right":188.5,"top":243.5}},{"unicode":87,"advance":0.96533203125,"planeBounds":{"left":-0.06396484375,"bottom":-0.0859375,"right":1.02978515625,"top":0.7890625},"atlasBounds":{"left":0.5,"bottom":542.5,"right":70.5,"top":598.5}},{"unicode":88,"advance":0.685546875,"planeBounds":{"left":-0.0634765625,"bottom":-0.0859375,"right":0.7490234375,"top":0.7890625},"atlasBounds":{"left":136.5,"bottom":130.5,"right":188.5,"top":186.5}},{"unicode":89,"advance":0.6650390625,"planeBounds":{"left":-0.065673828125,"bottom":-0.0859375,"right":0.731201171875,"top":0.7890625},"atlasBounds":{"left":191.5,"bottom":336.5,"right":242.5,"top":392.5}},{"unicode":90,"advance":0.630859375,"planeBounds":{"left":-0.0361328125,"bottom":-0.0859375,"right":0.6669921875,"top":0.7890625},"atlasBounds":{"left":344.5,"bottom":86.5,"right":389.5,"top":142.5}},{"unicode":91,"advance":0.3818359375,"planeBounds":{"left":0.015625,"bottom":-0.2421875,"right":0.453125,"top":0.7890625},"atlasBounds":{"left":607.5,"bottom":589.5,"right":635.5,"top":655.5}},{"unicode":92,"advance":0.3818359375,"planeBounds":{"left":-0.08251953125,"bottom":-0.2421875,"right":0.46435546875,"top":0.7890625},"atlasBounds":{"left":566.5,"bottom":430.5,"right":601.5,"top":496.5}},{"unicode":93,"advance":0.3818359375,"planeBounds":{"left":-0.0712890625,"bottom":-0.2421875,"right":0.3662109375,"top":0.7890625},"atlasBounds":{"left":607.5,"bottom":522.5,"right":635.5,"top":588.5}},{"unicode":94,"advance":0.4775390625,"planeBounds":{"left":-0.057861328125,"bottom":0.3046875,"right":0.535888671875,"top":0.7734375},"atlasBounds":{"left":0.5,"bottom":2.5,"right":38.5,"top":32.5}},{"unicode":95,"advance":0.41845703125,"planeBounds":{"left":-0.103271484375,"bottom":-0.2421875,"right":0.521728515625,"top":0.0390625},"atlasBounds":{"left":481.5,"bottom":4.5,"right":521.5,"top":22.5}},{"unicode":96,"advance":0.4931640625,"planeBounds":{"left":0.044189453125,"bottom":0.5390625,"right":0.450439453125,"top":0.8671875},"atlasBounds":{"left":162.5,"bottom":49.5,"right":188.5,"top":70.5}},{"unicode":97,"advance":0.54736328125,"planeBounds":{"left":-0.05615234375,"bottom":-0.1015625,"right":0.58447265625,"top":0.6171875},"atlasBounds":{"left":524.5,"bottom":564.5,"right":565.5,"top":610.5}},{"unicode":98,"advance":0.59716796875,"planeBounds":{"left":-0.033935546875,"bottom":-0.1015625,"right":0.653564453125,"top":0.7890625},"atlasBounds":{"left":391.5,"bottom":112.5,"right":435.5,"top":169.5}},{"unicode":99,"advance":0.544921875,"planeBounds":{"left":-0.05322265625,"bottom":-0.1015625,"right":0.60302734375,"top":0.6171875},"atlasBounds":{"left":481.5,"bottom":322.5,"right":523.5,"top":368.5}},{"unicode":100,"advance":0.595703125,"planeBounds":{"left":-0.056640625,"bottom":-0.1015625,"right":0.630859375,"top":0.7890625},"atlasBounds":{"left":391.5,"bottom":215.5,"right":435.5,"top":272.5}},{"unicode":101,"advance":0.55517578125,"planeBounds":{"left":-0.05810546875,"bottom":-0.1015625,"right":0.61376953125,"top":0.6171875},"atlasBounds":{"left":436.5,"bottom":405.5,"right":479.5,"top":451.5}},{"unicode":102,"advance":0.35595703125,"planeBounds":{"left":-0.07080078125,"bottom":-0.0859375,"right":0.41357421875,"top":0.7890625},"atlasBounds":{"left":566.5,"bottom":115.5,"right":597.5,"top":171.5}},{"unicode":103,"advance":0.59326171875,"planeBounds":{"left":-0.056640625,"bottom":-0.2890625,"right":0.630859375,"top":0.6171875},"atlasBounds":{"left":391.5,"bottom":377.5,"right":435.5,"top":435.5}},{"unicode":104,"advance":0.58447265625,"planeBounds":{"left":-0.033203125,"bottom":-0.0859375,"right":0.623046875,"top":0.7890625},"atlasBounds":{"left":481.5,"bottom":599.5,"right":523.5,"top":655.5}},{"unicode":105,"advance":0.23974609375,"planeBounds":{"left":-0.0361328125,"bottom":-0.0859375,"right":0.2763671875,"top":0.8203125},"atlasBounds":{"left":607.5,"bottom":160.5,"right":627.5,"top":218.5}},{"unicode":106,"advance":0.23974609375,"planeBounds":{"left":-0.11474609375,"bottom":-0.2734375,"right":0.27587890625,"top":0.8203125},"atlasBounds":{"left":136.5,"bottom":0.5,"right":161.5,"top":70.5}},{"unicode":107,"advance":0.5380859375,"planeBounds":{"left":-0.031494140625,"bottom":-0.0859375,"right":0.624755859375,"top":0.7890625},"atlasBounds":{"left":436.5,"bottom":106.5,"right":478.5,"top":162.5}},{"unicode":108,"advance":0.2421875,"planeBounds":{"left":-0.03515625,"bottom":-0.0859375,"right":0.27734375,"top":0.7890625},"atlasBounds":{"left":607.5,"bottom":219.5,"right":627.5,"top":275.5}},{"unicode":109,"advance":0.86328125,"planeBounds":{"left":-0.035888671875,"bottom":-0.0859375,"right":0.901611328125,"top":0.6171875},"atlasBounds":{"left":0.5,"bottom":33.5,"right":60.5,"top":78.5}},{"unicode":110,"advance":0.576171875,"planeBounds":{"left":-0.038818359375,"bottom":-0.0859375,"right":0.617431640625,"top":0.6171875},"atlasBounds":{"left":481.5,"bottom":553.5,"right":523.5,"top":598.5}},{"unicode":111,"advance":0.57275390625,"planeBounds":{"left":-0.05712890625,"bottom":-0.1015625,"right":0.63037109375,"top":0.6171875},"atlasBounds":{"left":391.5,"bottom":273.5,"right":435.5,"top":319.5}},{"unicode":112,"advance":0.59326171875,"planeBounds":{"left":-0.037353515625,"bottom":-0.2578125,"right":0.650146484375,"top":0.6171875},"atlasBounds":{"left":391.5,"bottom":320.5,"right":435.5,"top":376.5}},{"unicode":113,"advance":0.59326171875,"planeBounds":{"left":-0.056640625,"bottom":-0.2578125,"right":0.630859375,"top":0.6171875},"atlasBounds":{"left":391.5,"bottom":599.5,"right":435.5,"top":655.5}},{"unicode":114,"advance":0.36376953125,"planeBounds":{"left":-0.03515625,"bottom":-0.0859375,"right":0.43359375,"top":0.6171875},"atlasBounds":{"left":566.5,"bottom":16.5,"right":596.5,"top":61.5}},{"unicode":115,"advance":0.51513671875,"planeBounds":{"left":-0.054931640625,"bottom":-0.1015625,"right":0.570068359375,"top":0.6171875},"atlasBounds":{"left":524.5,"bottom":517.5,"right":564.5,"top":563.5}},{"unicode":116,"advance":0.35546875,"planeBounds":{"left":-0.074951171875,"bottom":-0.0859375,"right":0.409423828125,"top":0.7265625},"atlasBounds":{"left":566.5,"bottom":62.5,"right":597.5,"top":114.5}},{"unicode":117,"advance":0.576171875,"planeBounds":{"left":-0.041259765625,"bottom":-0.1015625,"right":0.614990234375,"top":0.6015625},"atlasBounds":{"left":481.5,"bottom":276.5,"right":523.5,"top":321.5}},{"unicode":118,"advance":0.52783203125,"planeBounds":{"left":-0.079833984375,"bottom":-0.0859375,"right":0.607666015625,"top":0.6015625},"atlasBounds":{"left":391.5,"bottom":170.5,"right":435.5,"top":214.5}},{"unicode":119,"advance":0.7900390625,"planeBounds":{"left":-0.07373046875,"bottom":-0.0859375,"right":0.86376953125,"top":0.6015625},"atlasBounds":{"left":75.5,"bottom":611.5,"right":135.5,"top":655.5}},{"unicode":120,"advance":0.52783203125,"planeBounds":{"left":-0.07177734375,"bottom":-0.0859375,"right":0.60009765625,"top":0.6015625},"atlasBounds":{"left":436.5,"bottom":452.5,"right":479.5,"top":496.5}},{"unicode":121,"advance":0.54296875,"planeBounds":{"left":-0.080078125,"bottom":-0.2734375,"right":0.623046875,"top":0.6015625},"atlasBounds":{"left":344.5,"bottom":315.5,"right":389.5,"top":371.5}},{"unicode":122,"advance":0.50537109375,"planeBounds":{"left":-0.044189453125,"bottom":-0.0859375,"right":0.549560546875,"top":0.6015625},"atlasBounds":{"left":566.5,"bottom":497.5,"right":604.5,"top":541.5}},{"unicode":123,"advance":0.3818359375,"planeBounds":{"left":-0.06689453125,"bottom":-0.2421875,"right":0.44873046875,"top":0.7890625},"atlasBounds":{"left":566.5,"bottom":296.5,"right":599.5,"top":362.5}},{"unicode":124,"advance":0.3818359375,"planeBounds":{"left":0.042724609375,"bottom":-0.2421875,"right":0.339599609375,"top":0.7890625},"atlasBounds":{"left":636.5,"bottom":589.5,"right":655.5,"top":655.5}},{"unicode":125,"advance":0.3818359375,"planeBounds":{"left":-0.06689453125,"bottom":-0.2421875,"right":0.44873046875,"top":0.7890625},"atlasBounds":{"left":566.5,"bottom":229.5,"right":599.5,"top":295.5}},{"unicode":126,"advance":0.6474609375,"planeBounds":{"left":-0.058531358506944464,"bottom":-0.0703125,"right":0.70709364149305554,"top":0.7109375},"atlasBounds":{"left":244.5,"bottom":209.5,"right":293.5,"top":259.5}},{"unicode":1025,"advance":0.58349609375,"planeBounds":{"left":-0.015625,"bottom":-0.0859375,"right":0.609375,"top":0.9765625},"atlasBounds":{"left":566.5,"bottom":587.5,"right":606.5,"top":655.5}},{"unicode":1040,"advance":0.69970703125,"planeBounds":{"left":-0.06396484375,"bottom":-0.0859375,"right":0.76416015625,"top":0.7890625},"atlasBounds":{"left":136.5,"bottom":362.5,"right":189.5,"top":418.5}},{"unicode":1041,"advance":0.63818359375,"planeBounds":{"left":-0.021484375,"bottom":-0.0859375,"right":0.681640625,"top":0.7890625},"atlasBounds":{"left":344.5,"bottom":143.5,"right":389.5,"top":199.5}},{"unicode":1042,"advance":0.6494140625,"planeBounds":{"left":-0.01806640625,"bottom":-0.0859375,"right":0.70068359375,"top":0.7890625},"atlasBounds":{"left":295.5,"bottom":7.5,"right":341.5,"top":63.5}},{"unicode":1043,"advance":0.54833984375,"planeBounds":{"left":-0.02197265625,"bottom":-0.0859375,"right":0.60302734375,"top":0.7890625},"atlasBounds":{"left":524.5,"bottom":204.5,"right":564.5,"top":260.5}},{"unicode":1044,"advance":0.76220703125,"planeBounds":{"left":-0.06787109375,"bottom":-0.2265625,"right":0.82275390625,"top":0.7890625},"atlasBounds":{"left":75.5,"bottom":374.5,"right":132.5,"top":439.5}},{"unicode":1045,"advance":0.58349609375,"planeBounds":{"left":-0.015625,"bottom":-0.0859375,"right":0.609375,"top":0.7890625},"atlasBounds":{"left":524.5,"bottom":45.5,"right":564.5,"top":101.5}},{"unicode":1046,"advance":1.0078125,"planeBounds":{"left":-0.073974609375,"bottom":-0.0859375,"right":1.082275390625,"top":0.7890625},"atlasBounds":{"left":0.5,"bottom":599.5,"right":74.5,"top":655.5}},{"unicode":1047,"advance":0.6279296875,"planeBounds":{"left":-0.04541015625,"bottom":-0.1015625,"right":0.67333984375,"top":0.8046875},"atlasBounds":{"left":344.5,"bottom":483.5,"right":390.5,"top":541.5}},{"unicode":1048,"advance":0.74169921875,"planeBounds":{"left":-0.019775390625,"bottom":-0.0859375,"right":0.761474609375,"top":0.7890625},"atlasBounds":{"left":191.5,"bottom":165.5,"right":241.5,"top":221.5}},{"unicode":1049,"advance":0.74169921875,"planeBounds":{"left":-0.019775390625,"bottom":-0.0859375,"right":0.761474609375,"top":0.9765625},"atlasBounds":{"left":191.5,"bottom":96.5,"right":241.5,"top":164.5}},{"unicode":1050,"advance":0.673828125,"planeBounds":{"left":-0.018798828125,"bottom":-0.0859375,"right":0.746826171875,"top":0.7890625},"atlasBounds":{"left":244.5,"bottom":374.5,"right":293.5,"top":430.5}},{"unicode":1051,"advance":0.71728515625,"planeBounds":{"left":-0.060546875,"bottom":-0.0859375,"right":0.736328125,"top":0.7890625},"atlasBounds":{"left":191.5,"bottom":279.5,"right":242.5,"top":335.5}},{"unicode":1052,"advance":0.873046875,"planeBounds":{"left":-0.0166015625,"bottom":-0.0859375,"right":0.8896484375,"top":0.7890625},"atlasBounds":{"left":75.5,"bottom":440.5,"right":133.5,"top":496.5}},{"unicode":1053,"advance":0.7392578125,"planeBounds":{"left":-0.02099609375,"bottom":-0.0859375,"right":0.76025390625,"top":0.7890625},"atlasBounds":{"left":244.5,"bottom":545.5,"right":294.5,"top":601.5}},{"unicode":1054,"advance":0.76220703125,"planeBounds":{"left":-0.04052734375,"bottom":-0.1015625,"right":0.80322265625,"top":0.8046875},"atlasBounds":{"left":136.5,"bottom":476.5,"right":190.5,"top":534.5}},{"unicode":1055,"advance":0.73193359375,"planeBounds":{"left":-0.016845703125,"bottom":-0.0859375,"right":0.748779296875,"top":0.7890625},"atlasBounds":{"left":244.5,"bottom":431.5,"right":293.5,"top":487.5}},{"unicode":1056,"advance":0.63232421875,"planeBounds":{"left":-0.014892578125,"bottom":-0.0859375,"right":0.672607421875,"top":0.7890625},"atlasBounds":{"left":436.5,"bottom":599.5,"right":480.5,"top":655.5}},{"unicode":1057,"advance":0.72119140625,"planeBounds":{"left":-0.04345703125,"bottom":-0.1015625,"right":0.76904296875,"top":0.8046875},"atlasBounds":{"left":136.5,"bottom":71.5,"right":188.5,"top":129.5}},{"unicode":1058,"advance":0.611328125,"planeBounds":{"left":-0.053466796875,"bottom":-0.0859375,"right":0.665283203125,"top":0.7890625},"atlasBounds":{"left":344.5,"bottom":542.5,"right":390.5,"top":598.5}},{"unicode":1059,"advance":0.65234375,"planeBounds":{"left":-0.063232421875,"bottom":-0.0859375,"right":0.718017578125,"top":0.7890625},"atlasBounds":{"left":191.5,"bottom":39.5,"right":241.5,"top":95.5}},{"unicode":1060,"advance":0.8623046875,"planeBounds":{"left":-0.04541015625,"bottom":-0.1015625,"right":0.90771484375,"top":0.8046875},"atlasBounds":{"left":0.5,"bottom":192.5,"right":61.5,"top":250.5}},{"unicode":1061,"advance":0.6953125,"planeBounds":{"left":-0.05859375,"bottom":-0.0859375,"right":0.75390625,"top":0.7890625},"atlasBounds":{"left":191.5,"bottom":495.5,"right":243.5,"top":551.5}},{"unicode":1062,"advance":0.77587890625,"planeBounds":{"left":-0.019775390625,"bottom":-0.2265625,"right":0.839599609375,"top":0.7890625},"atlasBounds":{"left":75.5,"bottom":149.5,"right":130.5,"top":214.5}},{"unicode":1063,"advance":0.70166015625,"planeBounds":{"left":-0.029541015625,"bottom":-0.0859375,"right":0.720458984375,"top":0.7890625},"atlasBounds":{"left":244.5,"bottom":95.5,"right":292.5,"top":151.5}},{"unicode":1064,"advance":0.9697265625,"planeBounds":{"left":-0.01513671875,"bottom":-0.0859375,"right":0.98486328125,"top":0.7890625},"atlasBounds":{"left":0.5,"bottom":360.5,"right":64.5,"top":416.5}},{"unicode":1065,"advance":1.013671875,"planeBounds":{"left":-0.01806640625,"bottom":-0.2265625,"right":1.07568359375,"top":0.7890625},"atlasBounds":{"left":0.5,"bottom":476.5,"right":70.5,"top":541.5}},{"unicode":1066,"advance":0.76025390625,"planeBounds":{"left":-0.052001953125,"bottom":-0.0859375,"right":0.807373046875,"top":0.7890625},"atlasBounds":{"left":75.5,"bottom":92.5,"right":130.5,"top":148.5}},{"unicode":1067,"advance":0.88720703125,"planeBounds":{"left":-0.017333984375,"bottom":-0.0859375,"right":0.904541015625,"top":0.7890625},"atlasBounds":{"left":75.5,"bottom":554.5,"right":134.5,"top":610.5}},{"unicode":1068,"advance":0.6318359375,"planeBounds":{"left":-0.020263671875,"bottom":-0.0859375,"right":0.682861328125,"top":0.7890625},"atlasBounds":{"left":344.5,"bottom":29.5,"right":389.5,"top":85.5}},{"unicode":1069,"advance":0.72119140625,"planeBounds":{"left":-0.0478515625,"bottom":-0.1015625,"right":0.7646484375,"top":0.8046875},"atlasBounds":{"left":191.5,"bottom":597.5,"right":243.5,"top":655.5}},{"unicode":1070,"advance":1.02001953125,"planeBounds":{"left":-0.01806640625,"bottom":-0.1015625,"right":1.06005859375,"top":0.8046875},"atlasBounds":{"left":0.5,"bottom":417.5,"right":69.5,"top":475.5}},{"unicode":1071,"advance":0.66845703125,"planeBounds":{"left":-0.05126953125,"bottom":-0.0859375,"right":0.68310546875,"top":0.7890625},"atlasBounds":{"left":295.5,"bottom":189.5,"right":342.5,"top":245.5}},{"unicode":1072,"advance":0.556640625,"planeBounds":{"left":-0.05126953125,"bottom":-0.1015625,"right":0.58935546875,"top":0.6171875},"atlasBounds":{"left":481.5,"bottom":81.5,"right":522.5,"top":127.5}},{"unicode":1073,"advance":0.5908203125,"planeBounds":{"left":-0.046875,"bottom":-0.1015625,"right":0.640625,"top":0.8203125},"atlasBounds":{"left":391.5,"bottom":52.5,"right":435.5,"top":111.5}},{"unicode":1074,"advance":0.54541015625,"planeBounds":{"left":-0.03125,"bottom":-0.0859375,"right":0.59375,"top":0.6015625},"atlasBounds":{"left":524.5,"bottom":159.5,"right":564.5,"top":203.5}},{"unicode":1075,"advance":0.44677734375,"planeBounds":{"left":-0.031982421875,"bottom":-0.0859375,"right":0.499267578125,"top":0.6015625},"atlasBounds":{"left":524.5,"bottom":0.5,"right":558.5,"top":44.5}},{"unicode":1076,"advance":0.6337890625,"planeBounds":{"left":-0.0751953125,"bottom":-0.2265625,"right":0.7060546875,"top":0.6015625},"atlasBounds":{"left":244.5,"bottom":602.5,"right":294.5,"top":655.5}},{"unicode":1077,"advance":0.564453125,"planeBounds":{"left":-0.05322265625,"bottom":-0.1015625,"right":0.61865234375,"top":0.6171875},"atlasBounds":{"left":436.5,"bottom":163.5,"right":479.5,"top":209.5}},{"unicode":1078,"advance":0.8154296875,"planeBounds":{"left":-0.07666015625,"bottom":-0.0859375,"right":0.89208984375,"top":0.6015625},"atlasBounds":{"left":0.5,"bottom":251.5,"right":62.5,"top":295.5}},{"unicode":1079,"advance":0.52783203125,"planeBounds":{"left":-0.051513671875,"bottom":-0.1015625,"right":0.573486328125,"top":0.6171875},"atlasBounds":{"left":524.5,"bottom":470.5,"right":564.5,"top":516.5}},{"unicode":1080,"advance":0.59326171875,"planeBounds":{"left":-0.03125,"bottom":-0.0859375,"right":0.625,"top":0.6015625},"atlasBounds":{"left":436.5,"bottom":0.5,"right":478.5,"top":44.5}},{"unicode":1081,"advance":0.59326171875,"planeBounds":{"left":-0.03125,"bottom":-0.0859375,"right":0.625,"top":0.8515625},"atlasBounds":{"left":436.5,"bottom":45.5,"right":478.5,"top":105.5}},{"unicode":1082,"advance":0.5517578125,"planeBounds":{"left":-0.029296875,"bottom":-0.0859375,"right":0.626953125,"top":0.6015625},"atlasBounds":{"left":481.5,"bottom":416.5,"right":523.5,"top":460.5}},{"unicode":1083,"advance":0.57861328125,"planeBounds":{"left":-0.064453125,"bottom":-0.0859375,"right":0.607421875,"top":0.6015625},"atlasBounds":{"left":436.5,"bottom":497.5,"right":479.5,"top":541.5}},{"unicode":1084,"advance":0.74658203125,"planeBounds":{"left":-0.032958984375,"bottom":-0.0859375,"right":0.779541015625,"top":0.6015625},"atlasBounds":{"left":191.5,"bottom":552.5,"right":243.5,"top":596.5}},{"unicode":1085,"advance":0.587890625,"planeBounds":{"left":-0.0341796875,"bottom":-0.0859375,"right":0.6220703125,"top":0.6015625},"atlasBounds":{"left":481.5,"bottom":508.5,"right":523.5,"top":552.5}},{"unicode":1086,"advance":0.58203125,"planeBounds":{"left":-0.05224609375,"bottom":-0.1015625,"right":0.63525390625,"top":0.6171875},"atlasBounds":{"left":391.5,"bottom":5.5,"right":435.5,"top":51.5}},{"unicode":1087,"advance":0.5830078125,"planeBounds":{"left":-0.02880859375,"bottom":-0.0859375,"right":0.61181640625,"top":0.6015625},"atlasBounds":{"left":524.5,"bottom":611.5,"right":565.5,"top":655.5}},{"unicode":1088,"advance":0.60400390625,"planeBounds":{"left":-0.032470703125,"bottom":-0.2578125,"right":0.655029296875,"top":0.6171875},"atlasBounds":{"left":391.5,"bottom":542.5,"right":435.5,"top":598.5}},{"unicode":1089,"advance":0.55029296875,"planeBounds":{"left":-0.05078125,"bottom":-0.1015625,"right":0.60546875,"top":0.6171875},"atlasBounds":{"left":481.5,"bottom":369.5,"right":523.5,"top":415.5}},{"unicode":1090,"advance":0.4970703125,"planeBounds":{"left":-0.06396484375,"bottom":-0.0859375,"right":0.56103515625,"top":0.6015625},"atlasBounds":{"left":524.5,"bottom":425.5,"right":564.5,"top":469.5}},{"unicode":1091,"advance":0.552734375,"planeBounds":{"left":-0.0751953125,"bottom":-0.2734375,"right":0.6279296875,"top":0.6015625},"atlasBounds":{"left":344.5,"bottom":200.5,"right":389.5,"top":256.5}},{"unicode":1092,"advance":0.77001953125,"planeBounds":{"left":-0.052734375,"bottom":-0.2578125,"right":0.822265625,"top":0.7734375},"atlasBounds":{"left":75.5,"bottom":260.5,"right":131.5,"top":326.5}},{"unicode":1093,"advance":0.537109375,"planeBounds":{"left":-0.06689453125,"bottom":-0.0859375,"right":0.60498046875,"top":0.6015625},"atlasBounds":{"left":436.5,"bottom":210.5,"right":479.5,"top":254.5}},{"unicode":1094,"advance":0.62109375,"planeBounds":{"left":-0.029541015625,"bottom":-0.2265625,"right":0.689208984375,"top":0.6015625},"atlasBounds":{"left":344.5,"bottom":372.5,"right":390.5,"top":425.5}},{"unicode":1095,"advance":0.56640625,"planeBounds":{"left":-0.0419921875,"bottom":-0.0859375,"right":0.5986328125,"top":0.6015625},"atlasBounds":{"left":481.5,"bottom":231.5,"right":522.5,"top":275.5}},{"unicode":1096,"advance":0.8203125,"planeBounds":{"left":-0.027099609375,"bottom":-0.0859375,"right":0.847900390625,"top":0.6015625},"atlasBounds":{"left":75.5,"bottom":215.5,"right":131.5,"top":259.5}},{"unicode":1097,"advance":0.857421875,"planeBounds":{"left":-0.028564453125,"bottom":-0.2265625,"right":0.924560546875,"top":0.6015625},"atlasBounds":{"left":0.5,"bottom":138.5,"right":61.5,"top":191.5}},{"unicode":1098,"advance":0.6318359375,"planeBounds":{"left":-0.062255859375,"bottom":-0.0859375,"right":0.687744140625,"top":0.6015625},"atlasBounds":{"left":244.5,"bottom":50.5,"right":292.5,"top":94.5}},{"unicode":1099,"advance":0.7421875,"planeBounds":{"left":-0.027099609375,"bottom":-0.0859375,"right":0.769775390625,"top":0.6015625},"atlasBounds":{"left":191.5,"bottom":393.5,"right":242.5,"top":437.5}},{"unicode":1100,"advance":0.5263671875,"planeBounds":{"left":-0.030029296875,"bottom":-0.0859375,"right":0.579345703125,"top":0.6015625},"atlasBounds":{"left":566.5,"bottom":542.5,"right":605.5,"top":586.5}},{"unicode":1101,"advance":0.55029296875,"planeBounds":{"left":-0.05517578125,"bottom":-0.1015625,"right":0.60107421875,"top":0.6171875},"atlasBounds":{"left":481.5,"bottom":461.5,"right":523.5,"top":507.5}},{"unicode":1102,"advance":0.8115234375,"planeBounds":{"left":-0.02978515625,"bottom":-0.1015625,"right":0.86083984375,"top":0.6171875},"atlasBounds":{"left":75.5,"bottom":327.5,"right":132.5,"top":373.5}},{"unicode":1103,"advance":0.54443359375,"planeBounds":{"left":-0.0625,"bottom":-0.0859375,"right":0.578125,"top":0.6015625},"atlasBounds":{"left":481.5,"bottom":186.5,"right":522.5,"top":230.5}},{"unicode":1105,"advance":0.564453125,"planeBounds":{"left":-0.05322265625,"bottom":-0.1015625,"right":0.61865234375,"top":0.8046875},"atlasBounds":{"left":436.5,"bottom":289.5,"right":479.5,"top":347.5}}],"kerning":[]}
