{"atlas":{"type":"mtsdf","distanceRange":10,"distanceRangeMiddle":0,"size":64,"width":632,"height":632,"yOrigin":"bottom"},"metrics":{"emSize":1,"lineHeight":1.193359375,"ascender":0.9521484375,"descender":-0.2412109375,"underlineY":0,"underlineThickness":0},"glyphs":[{"unicode":32,"advance":0.20263671875},{"unicode":33,"advance":0.28466796875,"planeBounds":{"left":-0.006103515625,"bottom":-0.0859375,"right":0.290771484375,"top":0.7890625},"atlasBounds":{"left":354.5,"bottom":11.5,"right":373.5,"top":67.5}},{"unicode":34,"advance":0.41552734375,"planeBounds":{"left":-0.01904296875,"bottom":0.3671875,"right":0.43408203125,"top":0.7890625},"atlasBounds":{"left":541.5,"bottom":19.5,"right":570.5,"top":46.5}},{"unicode":35,"advance":0.61376953125,"planeBounds":{"left":-0.083740234375,"bottom":-0.0859375,"right":0.697509765625,"top":0.7890625},"atlasBounds":{"left":130.5,"bottom":219.5,"right":180.5,"top":275.5}},{"unicode":36,"advance":0.6201171875,"planeBounds":{"left":-0.03369140625,"bottom":-0.1484375,"right":0.65380859375,"top":0.8671875},"atlasBounds":{"left":284.5,"bottom":112.5,"right":328.5,"top":177.5}},{"unicode":37,"advance":0.76171875,"planeBounds":{"left":-0.056640625,"bottom":-0.1015625,"right":0.818359375,"top":0.8046875},"atlasBounds":{"left":0.5,"bottom":74.5,"right":56.5,"top":132.5}},{"unicode":38,"advance":0.6806640625,"planeBounds":{"left":-0.042724609375,"bottom":-0.1015625,"right":0.769775390625,"top":0.8046875},"atlasBounds":{"left":130.5,"bottom":516.5,"right":182.5,"top":574.5}},{"unicode":40,"advance":0.34375,"planeBounds":{"left":0.012939453125,"bottom":-0.2421875,"right":0.403564453125,"top":0.7890625},"atlasBounds":{"left":580.5,"bottom":272.5,"right":605.5,"top":338.5}},{"unicode":41,"advance":0.34375,"planeBounds":{"left":-0.059814453125,"bottom":-0.2421875,"right":0.330810546875,"top":0.7890625},"atlasBounds":{"left":580.5,"bottom":339.5,"right":605.5,"top":405.5}},{"unicode":42,"advance":0.4833984375,"planeBounds":{"left":-0.02294921875,"bottom":0.2734375,"right":0.50830078125,"top":0.8203125},"atlasBounds":{"left":501.5,"bottom":2.5,"right":535.5,"top":37.5}},{"unicode":43,"advance":0.6201171875,"planeBounds":{"left":-0.02587890625,"bottom":-0.0703125,"right":0.64599609375,"top":0.6328125},"atlasBounds":{"left":130.5,"bottom":0.5,"right":173.5,"top":45.5}},{"unicode":44,"advance":0.2626953125,"planeBounds":{"left":-0.0380859375,"bottom":-0.2265625,"right":0.2744140625,"top":0.1953125},"atlasBounds":{"left":580.5,"bottom":88.5,"right":600.5,"top":115.5}},{"unicode":45,"advance":0.43359375,"planeBounds":{"left":-0.025390625,"bottom":0.1484375,"right":0.458984375,"top":0.4140625},"atlasBounds":{"left":235.5,"bottom":1.5,"right":266.5,"top":18.5}},{"unicode":46,"advance":0.2626953125,"planeBounds":{"left":-0.01708984375,"bottom":-0.0859375,"right":0.27978515625,"top":0.2109375},"atlasBounds":{"left":612.5,"bottom":612.5,"right":631.5,"top":631.5}},{"unicode":47,"advance":0.34375,"planeBounds":{"left":-0.078125,"bottom":-0.2421875,"right":0.421875,"top":0.7890625},"atlasBounds":{"left":541.5,"bottom":181.5,"right":573.5,"top":247.5}},{"unicode":48,"advance":0.62255859375,"planeBounds":{"left":-0.04052734375,"bottom":-0.1015625,"right":0.66259765625,"top":0.8046875},"atlasBounds":{"left":284.5,"bottom":573.5,"right":329.5,"top":631.5}},{"unicode":49,"advance":0.45654296875,"planeBounds":{"left":-0.033447265625,"bottom":-0.0859375,"right":0.419677734375,"top":0.7890625},"atlasBounds":{"left":580.5,"bottom":508.5,"right":609.5,"top":564.5}},{"unicode":50,"advance":0.5791015625,"planeBounds":{"left":-0.035400390625,"bottom":-0.0859375,"right":0.620849609375,"top":0.8046875},"atlasBounds":{"left":375.5,"bottom":574.5,"right":417.5,"top":631.5}},{"unicode":51,"advance":0.60546875,"planeBounds":{"left":-0.035888671875,"bottom":-0.1015625,"right":0.635986328125,"top":0.8046875},"atlasBounds":{"left":330.5,"bottom":180.5,"right":373.5,"top":238.5}},{"unicode":52,"advance":0.62060546875,"planeBounds":{"left":-0.045166015625,"bottom":-0.0859375,"right":0.673583984375,"top":0.7890625},"atlasBounds":{"left":235.5,"bottom":292.5,"right":281.5,"top":348.5}},{"unicode":53,"advance":0.599609375,"planeBounds":{"left":-0.024658203125,"bottom":-0.1015625,"right":0.647216796875,"top":0.7890625},"atlasBounds":{"left":330.5,"bottom":122.5,"right":373.5,"top":179.5}},{"unicode":54,"advance":0.61474609375,"planeBounds":{"left":-0.04150390625,"bottom":-0.1015625,"right":0.66162109375,"top":0.8046875},"atlasBounds":{"left":284.5,"bottom":514.5,"right":329.5,"top":572.5}},{"unicode":55,"advance":0.55615234375,"planeBounds":{"left":-0.04541015625,"bottom":-0.0859375,"right":0.59521484375,"top":0.7890625},"atlasBounds":{"left":418.5,"bottom":254.5,"right":459.5,"top":310.5}},{"unicode":56,"advance":0.6181640625,"planeBounds":{"left":-0.04248046875,"bottom":-0.1015625,"right":0.66064453125,"top":0.8046875},"atlasBounds":{"left":284.5,"bottom":455.5,"right":329.5,"top":513.5}},{"unicode":57,"advance":0.615234375,"planeBounds":{"left":-0.046630859375,"bottom":-0.1015625,"right":0.656494140625,"top":0.8046875},"atlasBounds":{"left":284.5,"bottom":396.5,"right":329.5,"top":454.5}},{"unicode":58,"advance":0.2626953125,"planeBounds":{"left":-0.01708984375,"bottom":-0.0859375,"right":0.27978515625,"top":0.5703125},"atlasBounds":{"left":612.5,"bottom":569.5,"right":631.5,"top":611.5}},{"unicode":59,"advance":0.2626953125,"planeBounds":{"left":-0.03759765625,"bottom":-0.2265625,"right":0.27490234375,"top":0.5703125},"atlasBounds":{"left":580.5,"bottom":36.5,"right":600.5,"top":87.5}},{"unicode":60,"advance":0.6201171875,"planeBounds":{"left":0.00537109375,"bottom":-0.0859375,"right":0.61474609375,"top":0.6640625},"atlasBounds":{"left":460.5,"bottom":49.5,"right":499.5,"top":97.5}},{"unicode":61,"advance":0.6201171875,"planeBounds":{"left":-0.01806640625,"bottom":0.0546875,"right":0.63818359375,"top":0.5078125},"atlasBounds":{"left":375.5,"bottom":544.5,"right":417.5,"top":573.5}},{"unicode":62,"advance":0.6201171875,"planeBounds":{"left":0.00537109375,"bottom":-0.0859375,"right":0.61474609375,"top":0.6640625},"atlasBounds":{"left":460.5,"bottom":0.5,"right":499.5,"top":48.5}},{"unicode":63,"advance":0.50537109375,"planeBounds":{"left":-0.05126953125,"bottom":-0.0859375,"right":0.54248046875,"top":0.7890625},"atlasBounds":{"left":541.5,"bottom":575.5,"right":579.5,"top":631.5}},{"unicode":64,"advance":0.8779296875,"planeBounds":{"left":0.109130859375,"bottom":-0.1953125,"right":0.796630859375,"top":0.7890625},"atlasBounds":{"left":330.5,"bottom":568.5,"right":374.5,"top":631.5}},{"unicode":65,"advance":0.65234375,"planeBounds":{"left":-0.072265625,"bottom":-0.0859375,"right":0.724609375,"top":0.7890625},"atlasBounds":{"left":130.5,"bottom":392.5,"right":181.5,"top":448.5}},{"unicode":66,"advance":0.6171875,"planeBounds":{"left":-0.017333984375,"bottom":-0.0859375,"right":0.670166015625,"top":0.7890625},"atlasBounds":{"left":330.5,"bottom":511.5,"right":374.5,"top":567.5}},{"unicode":67,"advance":0.6953125,"planeBounds":{"left":-0.0400390625,"bottom":-0.1015625,"right":0.7412109375,"top":0.8046875},"atlasBounds":{"left":130.5,"bottom":160.5,"right":180.5,"top":218.5}},{"unicode":68,"advance":0.68603515625,"planeBounds":{"left":-0.01904296875,"bottom":-0.0859375,"right":0.73095703125,"top":0.7890625},"atlasBounds":{"left":184.5,"bottom":241.5,"right":232.5,"top":297.5}},{"unicode":69,"advance":0.5595703125,"planeBounds":{"left":-0.01611328125,"bottom":-0.0859375,"right":0.59326171875,"top":0.7890625},"atlasBounds":{"left":501.5,"bottom":471.5,"right":540.5,"top":527.5}},{"unicode":70,"advance":0.53515625,"planeBounds":{"left":-0.019775390625,"bottom":-0.0859375,"right":0.589599609375,"top":0.7890625},"atlasBounds":{"left":501.5,"bottom":414.5,"right":540.5,"top":470.5}},{"unicode":71,"advance":0.7138671875,"planeBounds":{"left":-0.042724609375,"bottom":-0.1015625,"right":0.754150390625,"top":0.8046875},"atlasBounds":{"left":130.5,"bottom":333.5,"right":181.5,"top":391.5}},{"unicode":72,"advance":0.7099609375,"planeBounds":{"left":-0.019775390625,"bottom":-0.0859375,"right":0.730224609375,"top":0.7890625},"atlasBounds":{"left":184.5,"bottom":184.5,"right":232.5,"top":240.5}},{"unicode":73,"advance":0.2392578125,"planeBounds":{"left":-0.01318359375,"bottom":-0.0859375,"right":0.25244140625,"top":0.7890625},"atlasBounds":{"left":612.5,"bottom":398.5,"right":629.5,"top":454.5}},{"unicode":74,"advance":0.517578125,"planeBounds":{"left":-0.06201171875,"bottom":-0.1015625,"right":0.53173828125,"top":0.7890625},"atlasBounds":{"left":541.5,"bottom":460.5,"right":579.5,"top":517.5}},{"unicode":75,"advance":0.63134765625,"planeBounds":{"left":-0.013671875,"bottom":-0.0859375,"right":0.705078125,"top":0.7890625},"atlasBounds":{"left":235.5,"bottom":133.5,"right":281.5,"top":189.5}},{"unicode":76,"advance":0.53125,"planeBounds":{"left":-0.01318359375,"bottom":-0.0859375,"right":0.58056640625,"top":0.7890625},"atlasBounds":{"left":541.5,"bottom":518.5,"right":579.5,"top":574.5}},{"unicode":77,"advance":0.8427734375,"planeBounds":{"left":-0.01611328125,"bottom":-0.0859375,"right":0.85888671875,"top":0.7890625},"atlasBounds":{"left":0.5,"bottom":17.5,"right":56.5,"top":73.5}},{"unicode":78,"advance":0.70458984375,"planeBounds":{"left":-0.014892578125,"bottom":-0.0859375,"right":0.719482421875,"top":0.7890625},"atlasBounds":{"left":235.5,"bottom":518.5,"right":282.5,"top":574.5}},{"unicode":79,"advance":0.73876953125,"planeBounds":{"left":-0.04443359375,"bottom":-0.1015625,"right":0.78369140625,"top":0.8046875},"atlasBounds":{"left":73.5,"bottom":348.5,"right":126.5,"top":406.5}},{"unicode":80,"advance":0.591796875,"planeBounds":{"left":-0.01513671875,"bottom":-0.0859375,"right":0.64111328125,"top":0.7890625},"atlasBounds":{"left":375.5,"bottom":338.5,"right":417.5,"top":394.5}},{"unicode":81,"advance":0.73876953125,"planeBounds":{"left":-0.04443359375,"bottom":-0.1640625,"right":0.78369140625,"top":0.8046875},"atlasBounds":{"left":73.5,"bottom":285.5,"right":126.5,"top":347.5}},{"unicode":82,"advance":0.61376953125,"planeBounds":{"left":-0.01416015625,"bottom":-0.0859375,"right":0.67333984375,"top":0.7890625},"atlasBounds":{"left":330.5,"bottom":397.5,"right":374.5,"top":453.5}},{"unicode":83,"advance":0.607421875,"planeBounds":{"left":-0.047607421875,"bottom":-0.1015625,"right":0.655517578125,"top":0.8046875},"atlasBounds":{"left":284.5,"bottom":235.5,"right":329.5,"top":293.5}},{"unicode":84,"advance":0.58837890625,"planeBounds":{"left":-0.057373046875,"bottom":-0.0859375,"right":0.645751953125,"top":0.7890625},"atlasBounds":{"left":284.5,"bottom":178.5,"right":329.5,"top":234.5}},{"unicode":85,"advance":0.7001953125,"planeBounds":{"left":-0.01708984375,"bottom":-0.1015625,"right":0.71728515625,"top":0.7890625},"atlasBounds":{"left":235.5,"bottom":460.5,"right":282.5,"top":517.5}},{"unicode":86,"advance":0.64794921875,"planeBounds":{"left":-0.066650390625,"bottom":-0.0859375,"right":0.714599609375,"top":0.7890625},"atlasBounds":{"left":130.5,"bottom":103.5,"right":180.5,"top":159.5}},{"unicode":87,"advance":0.93896484375,"planeBounds":{"left":-0.061767578125,"bottom":-0.0859375,"right":1.000732421875,"top":0.7890625},"atlasBounds":{"left":0.5,"bottom":518.5,"right":68.5,"top":574.5}},{"unicode":88,"advance":0.65283203125,"planeBounds":{"left":-0.064208984375,"bottom":-0.0859375,"right":0.717041015625,"top":0.7890625},"atlasBounds":{"left":130.5,"bottom":46.5,"right":180.5,"top":102.5}},{"unicode":89,"advance":0.63134765625,"planeBounds":{"left":-0.067138671875,"bottom":-0.0859375,"right":0.698486328125,"top":0.7890625},"atlasBounds":{"left":184.5,"bottom":400.5,"right":233.5,"top":456.5}},{"unicode":90,"advance":0.62158203125,"planeBounds":{"left":-0.03271484375,"bottom":-0.0859375,"right":0.65478515625,"top":0.7890625},"atlasBounds":{"left":330.5,"bottom":340.5,"right":374.5,"top":396.5}},{"unicode":91,"advance":0.34375,"planeBounds":{"left":0.021240234375,"bottom":-0.2421875,"right":0.411865234375,"top":0.7890625},"atlasBounds":{"left":580.5,"bottom":205.5,"right":605.5,"top":271.5}},{"unicode":92,"advance":0.34375,"planeBounds":{"left":-0.078125,"bottom":-0.2421875,"right":0.421875,"top":0.7890625},"atlasBounds":{"left":541.5,"bottom":114.5,"right":573.5,"top":180.5}},{"unicode":93,"advance":0.34375,"planeBounds":{"left":-0.068115234375,"bottom":-0.2421875,"right":0.322509765625,"top":0.7890625},"atlasBounds":{"left":580.5,"bottom":138.5,"right":605.5,"top":204.5}},{"unicode":94,"advance":0.4521484375,"planeBounds":{"left":-0.055419921875,"bottom":0.3046875,"right":0.507080078125,"top":0.7890625},"atlasBounds":{"left":541.5,"bottom":338.5,"right":577.5,"top":369.5}},{"unicode":95,"advance":0.4091796875,"planeBounds":{"left":-0.107666015625,"bottom":-0.2109375,"right":0.517333984375,"top":0.0390625},"atlasBounds":{"left":0.5,"bottom":0.5,"right":40.5,"top":16.5}},{"unicode":96,"advance":0.49169921875,"planeBounds":{"left":0.059326171875,"bottom":0.5390625,"right":0.434326171875,"top":0.8671875},"atlasBounds":{"left":580.5,"bottom":116.5,"right":604.5,"top":137.5}},{"unicode":97,"advance":0.51806640625,"planeBounds":{"left":-0.046875,"bottom":-0.1015625,"right":0.546875,"top":0.6015625},"atlasBounds":{"left":501.5,"bottom":231.5,"right":539.5,"top":276.5}},{"unicode":98,"advance":0.56982421875,"planeBounds":{"left":-0.022216796875,"bottom":-0.1015625,"right":0.618408203125,"top":0.7890625},"atlasBounds":{"left":418.5,"bottom":425.5,"right":459.5,"top":482.5}},{"unicode":99,"advance":0.5166015625,"planeBounds":{"left":-0.05078125,"bottom":-0.1015625,"right":0.57421875,"top":0.6015625},"atlasBounds":{"left":418.5,"bottom":49.5,"right":458.5,"top":94.5}},{"unicode":100,"advance":0.56884765625,"planeBounds":{"left":-0.049072265625,"bottom":-0.1015625,"right":0.591552734375,"top":0.7890625},"atlasBounds":{"left":418.5,"bottom":528.5,"right":459.5,"top":585.5}},{"unicode":101,"advance":0.52783203125,"planeBounds":{"left":-0.056396484375,"bottom":-0.1015625,"right":0.584228515625,"top":0.6015625},"atlasBounds":{"left":418.5,"bottom":586.5,"right":459.5,"top":631.5}},{"unicode":102,"advance":0.322265625,"planeBounds":{"left":-0.06591796875,"bottom":-0.0859375,"right":0.37158203125,"top":0.7890625},"atlasBounds":{"left":580.5,"bottom":451.5,"right":608.5,"top":507.5}},{"unicode":103,"advance":0.56494140625,"planeBounds":{"left":-0.049072265625,"bottom":-0.2734375,"right":0.591552734375,"top":0.6015625},"atlasBounds":{"left":418.5,"bottom":95.5,"right":459.5,"top":151.5}},{"unicode":104,"advance":0.55517578125,"planeBounds":{"left":-0.023681640625,"bottom":-0.0859375,"right":0.585693359375,"top":0.7890625},"atlasBounds":{"left":460.5,"bottom":348.5,"right":499.5,"top":404.5}},{"unicode":105,"advance":0.216796875,"planeBounds":{"left":-0.031982421875,"bottom":-0.0859375,"right":0.249267578125,"top":0.7890625},"atlasBounds":{"left":612.5,"bottom":512.5,"right":630.5,"top":568.5}},{"unicode":106,"advance":0.216796875,"planeBounds":{"left":-0.1103515625,"bottom":-0.2578125,"right":0.2490234375,"top":0.7890625},"atlasBounds":{"left":330.5,"bottom":0.5,"right":353.5,"top":67.5}},{"unicode":107,"advance":0.50439453125,"planeBounds":{"left":-0.025390625,"bottom":-0.0859375,"right":0.583984375,"top":0.7890625},"atlasBounds":{"left":460.5,"bottom":155.5,"right":499.5,"top":211.5}},{"unicode":108,"advance":0.2177734375,"planeBounds":{"left":-0.02392578125,"bottom":-0.0859375,"right":0.24169921875,"top":0.7890625},"atlasBounds":{"left":612.5,"bottom":455.5,"right":629.5,"top":511.5}},{"unicode":109,"advance":0.82470703125,"planeBounds":{"left":-0.031494140625,"bottom":-0.0859375,"right":0.859130859375,"top":0.6015625},"atlasBounds":{"left":0.5,"bottom":133.5,"right":57.5,"top":177.5}},{"unicode":110,"advance":0.54443359375,"planeBounds":{"left":-0.031005859375,"bottom":-0.0859375,"right":0.578369140625,"top":0.6015625},"atlasBounds":{"left":501.5,"bottom":587.5,"right":540.5,"top":631.5}},{"unicode":111,"advance":0.5458984375,"planeBounds":{"left":-0.05517578125,"bottom":-0.1015625,"right":0.60107421875,"top":0.6015625},"atlasBounds":{"left":375.5,"bottom":498.5,"right":417.5,"top":543.5}},{"unicode":112,"advance":0.56494140625,"planeBounds":{"left":-0.026123046875,"bottom":-0.2578125,"right":0.614501953125,"top":0.6015625},"atlasBounds":{"left":418.5,"bottom":369.5,"right":459.5,"top":424.5}},{"unicode":113,"advance":0.56494140625,"planeBounds":{"left":-0.049072265625,"bottom":-0.2578125,"right":0.591552734375,"top":0.6015625},"atlasBounds":{"left":375.5,"bottom":51.5,"right":416.5,"top":106.5}},{"unicode":114,"advance":0.328125,"planeBounds":{"left":-0.02734375,"bottom":-0.0859375,"right":0.39453125,"top":0.6015625},"atlasBounds":{"left":580.5,"bottom":406.5,"right":607.5,"top":450.5}},{"unicode":115,"advance":0.4833984375,"planeBounds":{"left":-0.05517578125,"bottom":-0.1015625,"right":0.53857421875,"top":0.6015625},"atlasBounds":{"left":501.5,"bottom":95.5,"right":539.5,"top":140.5}},{"unicode":116,"advance":0.32080078125,"planeBounds":{"left":-0.0712890625,"bottom":-0.0859375,"right":0.3662109375,"top":0.7265625},"atlasBounds":{"left":284.5,"bottom":0.5,"right":312.5,"top":52.5}},{"unicode":117,"advance":0.54443359375,"planeBounds":{"left":-0.033447265625,"bottom":-0.1015625,"right":0.575927734375,"top":0.6015625},"atlasBounds":{"left":460.5,"bottom":302.5,"right":499.5,"top":347.5}},{"unicode":118,"advance":0.4990234375,"planeBounds":{"left":-0.07080078125,"bottom":-0.0859375,"right":0.56982421875,"top":0.6015625},"atlasBounds":{"left":418.5,"bottom":483.5,"right":459.5,"top":527.5}},{"unicode":119,"advance":0.7421875,"planeBounds":{"left":-0.06640625,"bottom":-0.0859375,"right":0.80859375,"top":0.6015625},"atlasBounds":{"left":73.5,"bottom":587.5,"right":129.5,"top":631.5}},{"unicode":120,"advance":0.490234375,"planeBounds":{"left":-0.0673828125,"bottom":-0.0859375,"right":0.5576171875,"top":0.6015625},"atlasBounds":{"left":418.5,"bottom":4.5,"right":458.5,"top":48.5}},{"unicode":121,"advance":0.50634765625,"planeBounds":{"left":-0.074951171875,"bottom":-0.2734375,"right":0.581298828125,"top":0.6015625},"atlasBounds":{"left":375.5,"bottom":281.5,"right":417.5,"top":337.5}},{"unicode":122,"advance":0.4814453125,"planeBounds":{"left":-0.040771484375,"bottom":-0.0859375,"right":0.521728515625,"top":0.6015625},"atlasBounds":{"left":541.5,"bottom":293.5,"right":577.5,"top":337.5}},{"unicode":123,"advance":0.34375,"planeBounds":{"left":-0.0703125,"bottom":-0.2421875,"right":0.4140625,"top":0.7890625},"atlasBounds":{"left":541.5,"bottom":47.5,"right":572.5,"top":113.5}},{"unicode":124,"advance":0.34375,"planeBounds":{"left":0.046875,"bottom":-0.2421875,"right":0.296875,"top":0.7890625},"atlasBounds":{"left":612.5,"bottom":331.5,"right":628.5,"top":397.5}},{"unicode":125,"advance":0.34375,"planeBounds":{"left":-0.0703125,"bottom":-0.2421875,"right":0.4140625,"top":0.7890625},"atlasBounds":{"left":580.5,"bottom":565.5,"right":611.5,"top":631.5}},{"unicode":126,"advance":0.6201171875,"planeBounds":{"left":-0.026815971019470933,"bottom":0.0703125,"right":0.64505902898052903,"top":0.7421875},"atlasBounds":{"left":330.5,"bottom":239.5,"right":373.5,"top":282.5}},{"unicode":1025,"advance":0.56982421875,"planeBounds":{"left":-0.01123046875,"bottom":-0.0859375,"right":0.59814453125,"top":0.9765625},"atlasBounds":{"left":73.5,"bottom":0.5,"right":112.5,"top":68.5}},{"unicode":1040,"advance":0.662109375,"planeBounds":{"left":-0.0673828125,"bottom":-0.0859375,"right":0.7294921875,"top":0.7890625},"atlasBounds":{"left":130.5,"bottom":276.5,"right":181.5,"top":332.5}},{"unicode":1041,"advance":0.62255859375,"planeBounds":{"left":-0.00830078125,"bottom":-0.0859375,"right":0.64794921875,"top":0.7890625},"atlasBounds":{"left":375.5,"bottom":224.5,"right":417.5,"top":280.5}},{"unicode":1042,"advance":0.626953125,"planeBounds":{"left":-0.012451171875,"bottom":-0.0859375,"right":0.675048828125,"top":0.7890625},"atlasBounds":{"left":330.5,"bottom":454.5,"right":374.5,"top":510.5}},{"unicode":1043,"advance":0.5322265625,"planeBounds":{"left":-0.01171875,"bottom":-0.0859375,"right":0.58203125,"top":0.7890625},"atlasBounds":{"left":501.5,"bottom":38.5,"right":539.5,"top":94.5}},{"unicode":1044,"advance":0.73681640625,"planeBounds":{"left":-0.0673828125,"bottom":-0.2265625,"right":0.7919921875,"top":0.7890625},"atlasBounds":{"left":73.5,"bottom":464.5,"right":128.5,"top":529.5}},{"unicode":1045,"advance":0.56982421875,"planeBounds":{"left":-0.01123046875,"bottom":-0.0859375,"right":0.59814453125,"top":0.7890625},"atlasBounds":{"left":460.5,"bottom":98.5,"right":499.5,"top":154.5}},{"unicode":1046,"advance":0.9775390625,"planeBounds":{"left":-0.07373046875,"bottom":-0.0859375,"right":1.05126953125,"top":0.7890625},"atlasBounds":{"left":0.5,"bottom":575.5,"right":72.5,"top":631.5}},{"unicode":1047,"advance":0.5966796875,"planeBounds":{"left":-0.04541015625,"bottom":-0.1015625,"right":0.64208984375,"top":0.8046875},"atlasBounds":{"left":284.5,"bottom":53.5,"right":328.5,"top":111.5}},{"unicode":1048,"advance":0.720703125,"planeBounds":{"left":-0.0146484375,"bottom":-0.0859375,"right":0.7353515625,"top":0.7890625},"atlasBounds":{"left":184.5,"bottom":127.5,"right":232.5,"top":183.5}},{"unicode":1049,"advance":0.720703125,"planeBounds":{"left":-0.0146484375,"bottom":-0.0859375,"right":0.7353515625,"top":0.9921875},"atlasBounds":{"left":184.5,"bottom":57.5,"right":232.5,"top":126.5}},{"unicode":1050,"advance":0.640625,"planeBounds":{"left":-0.009521484375,"bottom":-0.0859375,"right":0.709228515625,"top":0.7890625},"atlasBounds":{"left":235.5,"bottom":76.5,"right":281.5,"top":132.5}},{"unicode":1051,"advance":0.69287109375,"planeBounds":{"left":-0.0595703125,"bottom":-0.0859375,"right":0.7060546875,"top":0.7890625},"atlasBounds":{"left":184.5,"bottom":343.5,"right":233.5,"top":399.5}},{"unicode":1052,"advance":0.8525390625,"planeBounds":{"left":-0.01123046875,"bottom":-0.0859375,"right":0.86376953125,"top":0.7890625},"atlasBounds":{"left":73.5,"bottom":530.5,"right":129.5,"top":586.5}},{"unicode":1053,"advance":0.7197265625,"planeBounds":{"left":-0.014892578125,"bottom":-0.0859375,"right":0.735107421875,"top":0.7890625},"atlasBounds":{"left":184.5,"bottom":0.5,"right":232.5,"top":56.5}},{"unicode":1054,"advance":0.74853515625,"planeBounds":{"left":-0.03955078125,"bottom":-0.1015625,"right":0.78857421875,"top":0.8046875},"atlasBounds":{"left":73.5,"bottom":181.5,"right":126.5,"top":239.5}},{"unicode":1055,"advance":0.71044921875,"planeBounds":{"left":-0.01171875,"bottom":-0.0859375,"right":0.72265625,"top":0.7890625},"atlasBounds":{"left":235.5,"bottom":349.5,"right":282.5,"top":405.5}},{"unicode":1056,"advance":0.60302734375,"planeBounds":{"left":-0.01025390625,"bottom":-0.0859375,"right":0.64599609375,"top":0.7890625},"atlasBounds":{"left":375.5,"bottom":167.5,"right":417.5,"top":223.5}},{"unicode":1057,"advance":0.70361328125,"planeBounds":{"left":-0.0361328125,"bottom":-0.1015625,"right":0.7451171875,"top":0.8046875},"atlasBounds":{"left":184.5,"bottom":573.5,"right":234.5,"top":631.5}},{"unicode":1058,"advance":0.59814453125,"planeBounds":{"left":-0.052490234375,"bottom":-0.0859375,"right":0.650634765625,"top":0.7890625},"atlasBounds":{"left":284.5,"bottom":294.5,"right":329.5,"top":350.5}},{"unicode":1059,"advance":0.6162109375,"planeBounds":{"left":-0.06494140625,"bottom":-0.0859375,"right":0.68505859375,"top":0.7890625},"atlasBounds":{"left":235.5,"bottom":575.5,"right":283.5,"top":631.5}},{"unicode":1060,"advance":0.8173828125,"planeBounds":{"left":-0.044189453125,"bottom":-0.1015625,"right":0.862060546875,"top":0.8046875},"atlasBounds":{"left":0.5,"bottom":277.5,"right":58.5,"top":335.5}},{"unicode":1061,"advance":0.66259765625,"planeBounds":{"left":-0.059326171875,"bottom":-0.0859375,"right":0.721923828125,"top":0.7890625},"atlasBounds":{"left":184.5,"bottom":516.5,"right":234.5,"top":572.5}},{"unicode":1062,"advance":0.7548828125,"planeBounds":{"left":-0.0146484375,"bottom":-0.2265625,"right":0.8134765625,"top":0.7890625},"atlasBounds":{"left":73.5,"bottom":115.5,"right":126.5,"top":180.5}},{"unicode":1063,"advance":0.6796875,"planeBounds":{"left":-0.025390625,"bottom":-0.0859375,"right":0.693359375,"top":0.7890625},"atlasBounds":{"left":235.5,"bottom":235.5,"right":281.5,"top":291.5}},{"unicode":1064,"advance":0.93798828125,"planeBounds":{"left":-0.015380859375,"bottom":-0.0859375,"right":0.953369140625,"top":0.7890625},"atlasBounds":{"left":0.5,"bottom":336.5,"right":62.5,"top":392.5}},{"unicode":1065,"advance":0.98193359375,"planeBounds":{"left":-0.010498046875,"bottom":-0.2265625,"right":1.036376953125,"top":0.7890625},"atlasBounds":{"left":0.5,"bottom":452.5,"right":67.5,"top":517.5}},{"unicode":1066,"advance":0.73046875,"planeBounds":{"left":-0.052001953125,"bottom":-0.0859375,"right":0.776123046875,"top":0.7890625},"atlasBounds":{"left":130.5,"bottom":575.5,"right":183.5,"top":631.5}},{"unicode":1067,"advance":0.84130859375,"planeBounds":{"left":-0.009033203125,"bottom":-0.0859375,"right":0.850341796875,"top":0.7890625},"atlasBounds":{"left":73.5,"bottom":407.5,"right":128.5,"top":463.5}},{"unicode":1068,"advance":0.609375,"planeBounds":{"left":-0.013916015625,"bottom":-0.0859375,"right":0.657958984375,"top":0.7890625},"atlasBounds":{"left":330.5,"bottom":283.5,"right":373.5,"top":339.5}},{"unicode":1069,"advance":0.70361328125,"planeBounds":{"left":-0.04150390625,"bottom":-0.1015625,"right":0.73974609375,"top":0.8046875},"atlasBounds":{"left":184.5,"bottom":457.5,"right":234.5,"top":515.5}},{"unicode":1070,"advance":0.9892578125,"planeBounds":{"left":-0.015869140625,"bottom":-0.1015625,"right":1.031005859375,"top":0.8046875},"atlasBounds":{"left":0.5,"bottom":393.5,"right":67.5,"top":451.5}},{"unicode":1071,"advance":0.642578125,"planeBounds":{"left":-0.051513671875,"bottom":-0.0859375,"right":0.651611328125,"top":0.7890625},"atlasBounds":{"left":235.5,"bottom":19.5,"right":280.5,"top":75.5}},{"unicode":1072,"advance":0.52734375,"planeBounds":{"left":-0.0419921875,"bottom":-0.1015625,"right":0.5517578125,"top":0.6015625},"atlasBounds":{"left":501.5,"bottom":277.5,"right":539.5,"top":322.5}},{"unicode":1073,"advance":0.564453125,"planeBounds":{"left":-0.0439453125,"bottom":-0.1015625,"right":0.6123046875,"top":0.8203125},"atlasBounds":{"left":375.5,"bottom":107.5,"right":417.5,"top":166.5}},{"unicode":1074,"advance":0.51025390625,"planeBounds":{"left":-0.02392578125,"bottom":-0.0859375,"right":0.55419921875,"top":0.6015625},"atlasBounds":{"left":541.5,"bottom":415.5,"right":578.5,"top":459.5}},{"unicode":1075,"advance":0.4287109375,"planeBounds":{"left":-0.023193359375,"bottom":-0.0859375,"right":0.476806640625,"top":0.6015625},"atlasBounds":{"left":541.5,"bottom":248.5,"right":573.5,"top":292.5}},{"unicode":1076,"advance":0.59765625,"planeBounds":{"left":-0.071044921875,"bottom":-0.2265625,"right":0.663330078125,"top":0.6015625},"atlasBounds":{"left":235.5,"bottom":406.5,"right":282.5,"top":459.5}},{"unicode":1077,"advance":0.537109375,"planeBounds":{"left":-0.051513671875,"bottom":-0.1015625,"right":0.589111328125,"top":0.6015625},"atlasBounds":{"left":418.5,"bottom":208.5,"right":459.5,"top":253.5}},{"unicode":1078,"advance":0.767578125,"planeBounds":{"left":-0.0693359375,"bottom":-0.0859375,"right":0.8369140625,"top":0.6015625},"atlasBounds":{"left":0.5,"bottom":232.5,"right":58.5,"top":276.5}},{"unicode":1079,"advance":0.4873046875,"planeBounds":{"left":-0.05712890625,"bottom":-0.1015625,"right":0.53662109375,"top":0.6015625},"atlasBounds":{"left":501.5,"bottom":323.5,"right":539.5,"top":368.5}},{"unicode":1080,"advance":0.5625,"planeBounds":{"left":-0.0234375,"bottom":-0.0859375,"right":0.5859375,"top":0.6015625},"atlasBounds":{"left":460.5,"bottom":405.5,"right":499.5,"top":449.5}},{"unicode":1081,"advance":0.5625,"planeBounds":{"left":-0.0234375,"bottom":-0.0859375,"right":0.5859375,"top":0.8203125},"atlasBounds":{"left":501.5,"bottom":528.5,"right":540.5,"top":586.5}},{"unicode":1082,"advance":0.51025390625,"planeBounds":{"left":-0.025634765625,"bottom":-0.0859375,"right":0.583740234375,"top":0.6015625},"atlasBounds":{"left":460.5,"bottom":450.5,"right":499.5,"top":494.5}},{"unicode":1083,"advance":0.5458984375,"planeBounds":{"left":-0.068359375,"bottom":-0.0859375,"right":0.572265625,"top":0.6015625},"atlasBounds":{"left":375.5,"bottom":6.5,"right":416.5,"top":50.5}},{"unicode":1084,"advance":0.70849609375,"planeBounds":{"left":-0.0283203125,"bottom":-0.0859375,"right":0.7373046875,"top":0.6015625},"atlasBounds":{"left":184.5,"bottom":298.5,"right":233.5,"top":342.5}},{"unicode":1085,"advance":0.55615234375,"planeBounds":{"left":-0.02685546875,"bottom":-0.0859375,"right":0.58251953125,"top":0.6015625},"atlasBounds":{"left":460.5,"bottom":257.5,"right":499.5,"top":301.5}},{"unicode":1086,"advance":0.55517578125,"planeBounds":{"left":-0.05029296875,"bottom":-0.1015625,"right":0.60595703125,"top":0.6015625},"atlasBounds":{"left":375.5,"bottom":395.5,"right":417.5,"top":440.5}},{"unicode":1087,"advance":0.55126953125,"planeBounds":{"left":-0.029052734375,"bottom":-0.0859375,"right":0.580322265625,"top":0.6015625},"atlasBounds":{"left":460.5,"bottom":212.5,"right":499.5,"top":256.5}},{"unicode":1088,"advance":0.57470703125,"planeBounds":{"left":-0.021240234375,"bottom":-0.2578125,"right":0.619384765625,"top":0.6015625},"atlasBounds":{"left":418.5,"bottom":152.5,"right":459.5,"top":207.5}},{"unicode":1089,"advance":0.52392578125,"planeBounds":{"left":-0.047607421875,"bottom":-0.1015625,"right":0.577392578125,"top":0.6015625},"atlasBounds":{"left":460.5,"bottom":586.5,"right":500.5,"top":631.5}},{"unicode":1090,"advance":0.46728515625,"planeBounds":{"left":-0.063232421875,"bottom":-0.0859375,"right":0.530517578125,"top":0.6015625},"atlasBounds":{"left":501.5,"bottom":141.5,"right":539.5,"top":185.5}},{"unicode":1091,"advance":0.515625,"planeBounds":{"left":-0.070068359375,"bottom":-0.2734375,"right":0.586181640625,"top":0.6015625},"atlasBounds":{"left":375.5,"bottom":441.5,"right":417.5,"top":497.5}},{"unicode":1092,"advance":0.71044921875,"planeBounds":{"left":-0.051025390625,"bottom":-0.2578125,"right":0.761474609375,"top":0.7734375},"atlasBounds":{"left":130.5,"bottom":449.5,"right":182.5,"top":515.5}},{"unicode":1093,"advance":0.49951171875,"planeBounds":{"left":-0.0625,"bottom":-0.0859375,"right":0.5625,"top":0.6015625},"atlasBounds":{"left":460.5,"bottom":541.5,"right":500.5,"top":585.5}},{"unicode":1094,"advance":0.5859375,"planeBounds":{"left":-0.022216796875,"bottom":-0.2265625,"right":0.649658203125,"top":0.6015625},"atlasBounds":{"left":330.5,"bottom":68.5,"right":373.5,"top":121.5}},{"unicode":1095,"advance":0.52783203125,"planeBounds":{"left":-0.038818359375,"bottom":-0.0859375,"right":0.554931640625,"top":0.6015625},"atlasBounds":{"left":501.5,"bottom":369.5,"right":539.5,"top":413.5}},{"unicode":1096,"advance":0.77294921875,"planeBounds":{"left":-0.027587890625,"bottom":-0.0859375,"right":0.800537109375,"top":0.6015625},"atlasBounds":{"left":73.5,"bottom":240.5,"right":126.5,"top":284.5}},{"unicode":1097,"advance":0.81005859375,"planeBounds":{"left":-0.02734375,"bottom":-0.2265625,"right":0.87890625,"top":0.6015625},"atlasBounds":{"left":0.5,"bottom":178.5,"right":58.5,"top":231.5}},{"unicode":1098,"advance":0.58544921875,"planeBounds":{"left":-0.064453125,"bottom":-0.0859375,"right":0.638671875,"top":0.6015625},"atlasBounds":{"left":284.5,"bottom":351.5,"right":329.5,"top":395.5}},{"unicode":1099,"advance":0.67529296875,"planeBounds":{"left":-0.021728515625,"bottom":-0.0859375,"right":0.697021484375,"top":0.6015625},"atlasBounds":{"left":235.5,"bottom":190.5,"right":281.5,"top":234.5}},{"unicode":1100,"advance":0.48583984375,"planeBounds":{"left":-0.025390625,"bottom":-0.0859375,"right":0.537109375,"top":0.6015625},"atlasBounds":{"left":541.5,"bottom":370.5,"right":577.5,"top":414.5}},{"unicode":1101,"advance":0.52392578125,"planeBounds":{"left":-0.053466796875,"bottom":-0.1015625,"right":0.571533203125,"top":0.6015625},"atlasBounds":{"left":460.5,"bottom":495.5,"right":500.5,"top":540.5}},{"unicode":1102,"advance":0.759765625,"planeBounds":{"left":-0.02294921875,"bottom":-0.1015625,"right":0.80517578125,"top":0.6015625},"atlasBounds":{"left":73.5,"bottom":69.5,"right":126.5,"top":114.5}},{"unicode":1103,"advance":0.5048828125,"planeBounds":{"left":-0.061279296875,"bottom":-0.0859375,"right":0.532470703125,"top":0.6015625},"atlasBounds":{"left":501.5,"bottom":186.5,"right":539.5,"top":230.5}},{"unicode":1105,"advance":0.537109375,"planeBounds":{"left":-0.051513671875,"bottom":-0.1015625,"right":0.589111328125,"top":0.7890625},"atlasBounds":{"left":418.5,"bottom":311.5,"right":459.5,"top":368.5}}],"kerning":[]}
