{"atlas":{"type":"mtsdf","distanceRange":10,"distanceRangeMiddle":0,"size":64,"width":640,"height":640,"yOrigin":"bottom"},"metrics":{"emSize":1,"lineHeight":1.193359375,"ascender":0.9521484375,"descender":-0.2412109375,"underlineY":0,"underlineThickness":0},"glyphs":[{"unicode":32,"advance":0.2001953125},{"unicode":33,"advance":0.29833984375,"planeBounds":{"left":-0.007080078125,"bottom":-0.1015625,"right":0.305419921875,"top":0.7890625},"atlasBounds":{"left":590.5,"bottom":88.5,"right":610.5,"top":145.5}},{"unicode":34,"advance":0.431640625,"planeBounds":{"left":-0.0263671875,"bottom":0.3515625,"right":0.4580078125,"top":0.7890625},"atlasBounds":{"left":380.5,"bottom":2.5,"right":411.5,"top":30.5}},{"unicode":35,"advance":0.62353515625,"planeBounds":{"left":-0.078857421875,"bottom":-0.0859375,"right":0.702392578125,"top":0.7890625},"atlasBounds":{"left":186.5,"bottom":583.5,"right":236.5,"top":639.5}},{"unicode":36,"advance":0.6318359375,"planeBounds":{"left":-0.03564453125,"bottom":-0.1484375,"right":0.66748046875,"top":0.8671875},"atlasBounds":{"left":287.5,"bottom":293.5,"right":332.5,"top":358.5}},{"unicode":37,"advance":0.78466796875,"planeBounds":{"left":-0.060546875,"bottom":-0.1015625,"right":0.845703125,"top":0.8046875},"atlasBounds":{"left":0.5,"bottom":127.5,"right":58.5,"top":185.5}},{"unicode":38,"advance":0.68994140625,"planeBounds":{"left":-0.046875,"bottom":-0.1015625,"right":0.78125,"top":0.8046875},"atlasBounds":{"left":74.5,"bottom":129.5,"right":127.5,"top":187.5}},{"unicode":40,"advance":0.3603515625,"planeBounds":{"left":0.00537109375,"bottom":-0.2421875,"right":0.42724609375,"top":0.7890625},"atlasBounds":{"left":590.5,"bottom":403.5,"right":617.5,"top":469.5}},{"unicode":41,"advance":0.3603515625,"planeBounds":{"left":-0.06689453125,"bottom":-0.2421875,"right":0.35498046875,"top":0.7890625},"atlasBounds":{"left":590.5,"bottom":470.5,"right":617.5,"top":536.5}},{"unicode":42,"advance":0.484375,"planeBounds":{"left":-0.0224609375,"bottom":0.2734375,"right":0.5087890625,"top":0.8203125},"atlasBounds":{"left":0.5,"bottom":0.5,"right":34.5,"top":35.5}},{"unicode":43,"advance":0.6318359375,"planeBounds":{"left":-0.02001953125,"bottom":-0.0703125,"right":0.65185546875,"top":0.6328125},"atlasBounds":{"left":334.5,"bottom":91.5,"right":377.5,"top":136.5}},{"unicode":44,"advance":0.26904296875,"planeBounds":{"left":-0.04052734375,"bottom":-0.2421875,"right":0.28759765625,"top":0.1953125},"atlasBounds":{"left":35.5,"bottom":7.5,"right":56.5,"top":35.5}},{"unicode":45,"advance":0.43701171875,"planeBounds":{"left":-0.023681640625,"bottom":0.1484375,"right":0.460693359375,"top":0.4296875},"atlasBounds":{"left":509.5,"bottom":1.5,"right":540.5,"top":19.5}},{"unicode":46,"advance":0.26904296875,"planeBounds":{"left":-0.013916015625,"bottom":-0.0859375,"right":0.282958984375,"top":0.2265625},"atlasBounds":{"left":620.5,"bottom":518.5,"right":639.5,"top":538.5}},{"unicode":47,"advance":0.3603515625,"planeBounds":{"left":-0.08544921875,"bottom":-0.2421875,"right":0.44580078125,"top":0.7890625},"atlasBounds":{"left":550.5,"bottom":241.5,"right":584.5,"top":307.5}},{"unicode":48,"advance":0.634765625,"planeBounds":{"left":-0.0419921875,"bottom":-0.1015625,"right":0.6767578125,"top":0.8046875},"atlasBounds":{"left":287.5,"bottom":581.5,"right":333.5,"top":639.5}},{"unicode":49,"advance":0.466796875,"planeBounds":{"left":-0.03515625,"bottom":-0.0859375,"right":0.43359375,"top":0.7890625},"atlasBounds":{"left":550.5,"bottom":5.5,"right":580.5,"top":61.5}},{"unicode":50,"advance":0.58935546875,"planeBounds":{"left":-0.03955078125,"bottom":-0.0859375,"right":0.63232421875,"top":0.8046875},"atlasBounds":{"left":334.5,"bottom":33.5,"right":377.5,"top":90.5}},{"unicode":51,"advance":0.61572265625,"planeBounds":{"left":-0.038330078125,"bottom":-0.1015625,"right":0.649169921875,"top":0.8046875},"atlasBounds":{"left":334.5,"bottom":356.5,"right":378.5,"top":414.5}},{"unicode":52,"advance":0.63232421875,"planeBounds":{"left":-0.0478515625,"bottom":-0.0859375,"right":0.6865234375,"top":0.7890625},"atlasBounds":{"left":237.5,"bottom":243.5,"right":284.5,"top":299.5}},{"unicode":53,"advance":0.6103515625,"planeBounds":{"left":-0.02685546875,"bottom":-0.1015625,"right":0.66064453125,"top":0.7890625},"atlasBounds":{"left":334.5,"bottom":298.5,"right":378.5,"top":355.5}},{"unicode":54,"advance":0.626953125,"planeBounds":{"left":-0.0361328125,"bottom":-0.1015625,"right":0.6669921875,"top":0.8046875},"atlasBounds":{"left":287.5,"bottom":118.5,"right":332.5,"top":176.5}},{"unicode":55,"advance":0.56298828125,"planeBounds":{"left":-0.0498046875,"bottom":-0.0859375,"right":0.6064453125,"top":0.7890625},"atlasBounds":{"left":380.5,"bottom":89.5,"right":422.5,"top":145.5}},{"unicode":56,"advance":0.6328125,"planeBounds":{"left":-0.042724609375,"bottom":-0.1015625,"right":0.676025390625,"top":0.8046875},"atlasBounds":{"left":287.5,"bottom":522.5,"right":333.5,"top":580.5}},{"unicode":57,"advance":0.6279296875,"planeBounds":{"left":-0.04736328125,"bottom":-0.1015625,"right":0.67138671875,"top":0.8046875},"atlasBounds":{"left":287.5,"bottom":463.5,"right":333.5,"top":521.5}},{"unicode":58,"advance":0.26904296875,"planeBounds":{"left":-0.013916015625,"bottom":-0.0859375,"right":0.282958984375,"top":0.5703125},"atlasBounds":{"left":620.5,"bottom":597.5,"right":639.5,"top":639.5}},{"unicode":59,"advance":0.26904296875,"planeBounds":{"left":-0.040771484375,"bottom":-0.2421875,"right":0.287353515625,"top":0.5703125},"atlasBounds":{"left":590.5,"bottom":146.5,"right":611.5,"top":198.5}},{"unicode":60,"advance":0.6318359375,"planeBounds":{"left":0.01123046875,"bottom":-0.0859375,"right":0.62060546875,"top":0.6640625},"atlasBounds":{"left":550.5,"bottom":542.5,"right":589.5,"top":590.5}},{"unicode":61,"advance":0.6318359375,"planeBounds":{"left":-0.01220703125,"bottom":0.0390625,"right":0.64404296875,"top":0.5234375},"atlasBounds":{"left":424.5,"bottom":608.5,"right":466.5,"top":639.5}},{"unicode":62,"advance":0.6318359375,"planeBounds":{"left":0.01123046875,"bottom":-0.0859375,"right":0.62060546875,"top":0.6640625},"atlasBounds":{"left":550.5,"bottom":591.5,"right":589.5,"top":639.5}},{"unicode":63,"advance":0.517578125,"planeBounds":{"left":-0.052490234375,"bottom":-0.1015625,"right":0.556884765625,"top":0.7890625},"atlasBounds":{"left":509.5,"bottom":20.5,"right":548.5,"top":77.5}},{"unicode":64,"advance":0.88037109375,"planeBounds":{"left":0.093266552468336067,"bottom":-0.2265625,"right":0.79639155246833604,"top":0.7265625},"atlasBounds":{"left":74.5,"bottom":0.5,"right":119.5,"top":61.5}},{"unicode":65,"advance":0.66845703125,"planeBounds":{"left":-0.072021484375,"bottom":-0.0859375,"right":0.740478515625,"top":0.7890625},"atlasBounds":{"left":132.5,"bottom":402.5,"right":184.5,"top":458.5}},{"unicode":66,"advance":0.626953125,"planeBounds":{"left":-0.02099609375,"bottom":-0.0859375,"right":0.68212890625,"top":0.7890625},"atlasBounds":{"left":287.5,"bottom":4.5,"right":332.5,"top":60.5}},{"unicode":67,"advance":0.70263671875,"planeBounds":{"left":-0.044677734375,"bottom":-0.1015625,"right":0.752197265625,"top":0.8046875},"atlasBounds":{"left":132.5,"bottom":286.5,"right":183.5,"top":344.5}},{"unicode":68,"advance":0.69189453125,"planeBounds":{"left":-0.016845703125,"bottom":-0.0859375,"right":0.733154296875,"top":0.7890625},"atlasBounds":{"left":237.5,"bottom":526.5,"right":285.5,"top":582.5}},{"unicode":69,"advance":0.5654296875,"planeBounds":{"left":-0.0224609375,"bottom":-0.0859375,"right":0.6025390625,"top":0.7890625},"atlasBounds":{"left":509.5,"bottom":536.5,"right":549.5,"top":592.5}},{"unicode":70,"advance":0.54052734375,"planeBounds":{"left":-0.01806640625,"bottom":-0.0859375,"right":0.59130859375,"top":0.7890625},"atlasBounds":{"left":509.5,"bottom":364.5,"right":548.5,"top":420.5}},{"unicode":71,"advance":0.71923828125,"planeBounds":{"left":-0.0400390625,"bottom":-0.1015625,"right":0.7568359375,"top":0.8046875},"atlasBounds":{"left":132.5,"bottom":227.5,"right":183.5,"top":285.5}},{"unicode":72,"advance":0.71826171875,"planeBounds":{"left":-0.023681640625,"bottom":-0.0859375,"right":0.741943359375,"top":0.7890625},"atlasBounds":{"left":186.5,"bottom":298.5,"right":235.5,"top":354.5}},{"unicode":73,"advance":0.25,"planeBounds":{"left":-0.0234375,"bottom":-0.0859375,"right":0.2734375,"top":0.7890625},"atlasBounds":{"left":620.5,"bottom":461.5,"right":639.5,"top":517.5}},{"unicode":74,"advance":0.53515625,"planeBounds":{"left":-0.0615234375,"bottom":-0.1015625,"right":0.5478515625,"top":0.7890625},"atlasBounds":{"left":509.5,"bottom":421.5,"right":548.5,"top":478.5}},{"unicode":75,"advance":0.64404296875,"planeBounds":{"left":-0.016357421875,"bottom":-0.0859375,"right":0.718017578125,"top":0.7890625},"atlasBounds":{"left":237.5,"bottom":186.5,"right":284.5,"top":242.5}},{"unicode":76,"advance":0.5361328125,"planeBounds":{"left":-0.019775390625,"bottom":-0.0859375,"right":0.589599609375,"top":0.7890625},"atlasBounds":{"left":509.5,"bottom":123.5,"right":548.5,"top":179.5}},{"unicode":77,"advance":0.8515625,"planeBounds":{"left":-0.019775390625,"bottom":-0.0859375,"right":0.870849609375,"top":0.7890625},"atlasBounds":{"left":74.5,"bottom":583.5,"right":131.5,"top":639.5}},{"unicode":78,"advance":0.708984375,"planeBounds":{"left":-0.020751953125,"bottom":-0.0859375,"right":0.729248046875,"top":0.7890625},"atlasBounds":{"left":237.5,"bottom":469.5,"right":285.5,"top":525.5}},{"unicode":79,"advance":0.74462890625,"planeBounds":{"left":-0.041748046875,"bottom":-0.1015625,"right":0.786376953125,"top":0.8046875},"atlasBounds":{"left":132.5,"bottom":581.5,"right":185.5,"top":639.5}},{"unicode":80,"advance":0.60302734375,"planeBounds":{"left":-0.018310546875,"bottom":-0.0859375,"right":0.653564453125,"top":0.7890625},"atlasBounds":{"left":380.5,"bottom":365.5,"right":423.5,"top":421.5}},{"unicode":81,"advance":0.74462890625,"planeBounds":{"left":-0.041748046875,"bottom":-0.1640625,"right":0.786376953125,"top":0.8046875},"atlasBounds":{"left":132.5,"bottom":518.5,"right":185.5,"top":580.5}},{"unicode":82,"advance":0.625,"planeBounds":{"left":-0.017333984375,"bottom":-0.0859375,"right":0.685791015625,"top":0.7890625},"atlasBounds":{"left":334.5,"bottom":583.5,"right":379.5,"top":639.5}},{"unicode":83,"advance":0.61767578125,"planeBounds":{"left":-0.05029296875,"bottom":-0.1015625,"right":0.66845703125,"top":0.8046875},"atlasBounds":{"left":287.5,"bottom":404.5,"right":333.5,"top":462.5}},{"unicode":84,"advance":0.59423828125,"planeBounds":{"left":-0.0546875,"bottom":-0.0859375,"right":0.6484375,"top":0.7890625},"atlasBounds":{"left":334.5,"bottom":526.5,"right":379.5,"top":582.5}},{"unicode":85,"advance":0.70361328125,"planeBounds":{"left":-0.0234375,"bottom":-0.1015625,"right":0.7265625,"top":0.7890625},"atlasBounds":{"left":237.5,"bottom":411.5,"right":285.5,"top":468.5}},{"unicode":86,"advance":0.6611328125,"planeBounds":{"left":-0.06787109375,"bottom":-0.0859375,"right":0.72900390625,"top":0.7890625},"atlasBounds":{"left":132.5,"bottom":170.5,"right":183.5,"top":226.5}},{"unicode":87,"advance":0.9501953125,"planeBounds":{"left":-0.06396484375,"bottom":-0.0859375,"right":1.01416015625,"top":0.7890625},"atlasBounds":{"left":0.5,"bottom":526.5,"right":69.5,"top":582.5}},{"unicode":88,"advance":0.6669921875,"planeBounds":{"left":-0.05712890625,"bottom":-0.0859375,"right":0.72412109375,"top":0.7890625},"atlasBounds":{"left":186.5,"bottom":526.5,"right":236.5,"top":582.5}},{"unicode":89,"advance":0.64599609375,"planeBounds":{"left":-0.067626953125,"bottom":-0.0859375,"right":0.713623046875,"top":0.7890625},"atlasBounds":{"left":186.5,"bottom":469.5,"right":236.5,"top":525.5}},{"unicode":90,"advance":0.62548828125,"planeBounds":{"left":-0.038818359375,"bottom":-0.0859375,"right":0.664306640625,"top":0.7890625},"atlasBounds":{"left":334.5,"bottom":469.5,"right":379.5,"top":525.5}},{"unicode":91,"advance":0.3603515625,"planeBounds":{"left":0.02099609375,"bottom":-0.2421875,"right":0.42724609375,"top":0.7890625},"atlasBounds":{"left":590.5,"bottom":336.5,"right":616.5,"top":402.5}},{"unicode":92,"advance":0.3603515625,"planeBounds":{"left":-0.08544921875,"bottom":-0.2421875,"right":0.44580078125,"top":0.7890625},"atlasBounds":{"left":550.5,"bottom":308.5,"right":584.5,"top":374.5}},{"unicode":93,"advance":0.3603515625,"planeBounds":{"left":-0.067138671875,"bottom":-0.2421875,"right":0.339111328125,"top":0.7890625},"atlasBounds":{"left":590.5,"bottom":269.5,"right":616.5,"top":335.5}},{"unicode":94,"advance":0.462890625,"planeBounds":{"left":-0.0576171875,"bottom":0.3046875,"right":0.5205078125,"top":0.7890625},"atlasBounds":{"left":550.5,"bottom":420.5,"right":587.5,"top":451.5}},{"unicode":95,"advance":0.4130859375,"planeBounds":{"left":-0.10595703125,"bottom":-0.2265625,"right":0.51904296875,"top":0.0390625},"atlasBounds":{"left":467.5,"bottom":575.5,"right":507.5,"top":592.5}},{"unicode":96,"advance":0.4921875,"planeBounds":{"left":0.0517578125,"bottom":0.5390625,"right":0.4423828125,"top":0.8671875},"atlasBounds":{"left":467.5,"bottom":3.5,"right":492.5,"top":24.5}},{"unicode":97,"advance":0.53076171875,"planeBounds":{"left":-0.056396484375,"bottom":-0.1015625,"right":0.568603515625,"top":0.6171875},"atlasBounds":{"left":467.5,"bottom":380.5,"right":507.5,"top":426.5}},{"unicode":98,"advance":0.58154296875,"planeBounds":{"left":-0.025146484375,"bottom":-0.1015625,"right":0.631103515625,"top":0.7890625},"atlasBounds":{"left":424.5,"bottom":435.5,"right":466.5,"top":492.5}},{"unicode":99,"advance":0.52880859375,"planeBounds":{"left":-0.052978515625,"bottom":-0.1015625,"right":0.587646484375,"top":0.6171875},"atlasBounds":{"left":424.5,"bottom":147.5,"right":465.5,"top":193.5}},{"unicode":100,"advance":0.580078125,"planeBounds":{"left":-0.050048828125,"bottom":-0.1015625,"right":0.606201171875,"top":0.7890625},"atlasBounds":{"left":424.5,"bottom":550.5,"right":466.5,"top":607.5}},{"unicode":101,"advance":0.53955078125,"planeBounds":{"left":-0.050537109375,"bottom":-0.1015625,"right":0.590087890625,"top":0.6171875},"atlasBounds":{"left":424.5,"bottom":343.5,"right":465.5,"top":389.5}},{"unicode":102,"advance":0.3369140625,"planeBounds":{"left":-0.065673828125,"bottom":-0.0859375,"right":0.387451171875,"top":0.7890625},"atlasBounds":{"left":590.5,"bottom":583.5,"right":619.5,"top":639.5}},{"unicode":103,"advance":0.5771484375,"planeBounds":{"left":-0.050048828125,"bottom":-0.2734375,"right":0.606201171875,"top":0.6171875},"atlasBounds":{"left":380.5,"bottom":31.5,"right":422.5,"top":88.5}},{"unicode":104,"advance":0.56787109375,"planeBounds":{"left":-0.025634765625,"bottom":-0.0859375,"right":0.599365234375,"top":0.7890625},"atlasBounds":{"left":467.5,"bottom":233.5,"right":507.5,"top":289.5}},{"unicode":105,"advance":0.2265625,"planeBounds":{"left":-0.034912109375,"bottom":-0.0859375,"right":0.261962890625,"top":0.8046875},"atlasBounds":{"left":620.5,"bottom":539.5,"right":639.5,"top":596.5}},{"unicode":106,"advance":0.2265625,"planeBounds":{"left":-0.11328125,"bottom":-0.2734375,"right":0.26171875,"top":0.8046875},"atlasBounds":{"left":590.5,"bottom":199.5,"right":614.5,"top":268.5}},{"unicode":107,"advance":0.5185546875,"planeBounds":{"left":-0.02587890625,"bottom":-0.0859375,"right":0.59912109375,"top":0.7890625},"atlasBounds":{"left":467.5,"bottom":518.5,"right":507.5,"top":574.5}},{"unicode":108,"advance":0.228515625,"planeBounds":{"left":-0.026611328125,"bottom":-0.0859375,"right":0.254638671875,"top":0.7890625},"atlasBounds":{"left":620.5,"bottom":337.5,"right":638.5,"top":393.5}},{"unicode":109,"advance":0.84130859375,"planeBounds":{"left":-0.03125,"bottom":-0.0859375,"right":0.875,"top":0.6171875},"atlasBounds":{"left":0.5,"bottom":81.5,"right":58.5,"top":126.5}},{"unicode":110,"advance":0.55810546875,"planeBounds":{"left":-0.0322265625,"bottom":-0.0859375,"right":0.5927734375,"top":0.6171875},"atlasBounds":{"left":467.5,"bottom":85.5,"right":507.5,"top":130.5}},{"unicode":111,"advance":0.5576171875,"planeBounds":{"left":-0.05712890625,"bottom":-0.1015625,"right":0.61474609375,"top":0.6171875},"atlasBounds":{"left":380.5,"bottom":479.5,"right":423.5,"top":525.5}},{"unicode":112,"advance":0.5771484375,"planeBounds":{"left":-0.02880859375,"bottom":-0.2578125,"right":0.62744140625,"top":0.6171875},"atlasBounds":{"left":380.5,"bottom":203.5,"right":422.5,"top":259.5}},{"unicode":113,"advance":0.5771484375,"planeBounds":{"left":-0.050048828125,"bottom":-0.2578125,"right":0.606201171875,"top":0.6171875},"atlasBounds":{"left":380.5,"bottom":146.5,"right":422.5,"top":202.5}},{"unicode":114,"advance":0.34375,"planeBounds":{"left":-0.0283203125,"bottom":-0.0859375,"right":0.4091796875,"top":0.6171875},"atlasBounds":{"left":590.5,"bottom":537.5,"right":618.5,"top":582.5}},{"unicode":115,"advance":0.4970703125,"planeBounds":{"left":-0.056396484375,"bottom":-0.1015625,"right":0.552978515625,"top":0.6171875},"atlasBounds":{"left":509.5,"bottom":317.5,"right":548.5,"top":363.5}},{"unicode":116,"advance":0.33544921875,"planeBounds":{"left":-0.070556640625,"bottom":-0.0859375,"right":0.382568359375,"top":0.7265625},"atlasBounds":{"left":424.5,"bottom":0.5,"right":453.5,"top":52.5}},{"unicode":117,"advance":0.55810546875,"planeBounds":{"left":-0.034423828125,"bottom":-0.1015625,"right":0.590576171875,"top":0.6015625},"atlasBounds":{"left":467.5,"bottom":427.5,"right":507.5,"top":472.5}},{"unicode":118,"advance":0.51123046875,"planeBounds":{"left":-0.072509765625,"bottom":-0.0859375,"right":0.583740234375,"top":0.6015625},"atlasBounds":{"left":424.5,"bottom":390.5,"right":466.5,"top":434.5}},{"unicode":119,"advance":0.7626953125,"planeBounds":{"left":-0.07177734375,"bottom":-0.0859375,"right":0.83447265625,"top":0.6015625},"atlasBounds":{"left":0.5,"bottom":36.5,"right":58.5,"top":80.5}},{"unicode":120,"advance":0.50634765625,"planeBounds":{"left":-0.06689453125,"bottom":-0.0859375,"right":0.57373046875,"top":0.6015625},"atlasBounds":{"left":424.5,"bottom":253.5,"right":465.5,"top":297.5}},{"unicode":121,"advance":0.52197265625,"planeBounds":{"left":-0.0751953125,"bottom":-0.2734375,"right":0.5966796875,"top":0.6015625},"atlasBounds":{"left":380.5,"bottom":583.5,"right":423.5,"top":639.5}},{"unicode":122,"advance":0.49169921875,"planeBounds":{"left":-0.043212890625,"bottom":-0.0859375,"right":0.534912109375,"top":0.6015625},"atlasBounds":{"left":550.5,"bottom":375.5,"right":587.5,"top":419.5}},{"unicode":123,"advance":0.3603515625,"planeBounds":{"left":-0.070068359375,"bottom":-0.2421875,"right":0.429931640625,"top":0.7890625},"atlasBounds":{"left":550.5,"bottom":129.5,"right":582.5,"top":195.5}},{"unicode":124,"advance":0.3603515625,"planeBounds":{"left":0.039306640625,"bottom":-0.2421875,"right":0.320556640625,"top":0.7890625},"atlasBounds":{"left":620.5,"bottom":394.5,"right":638.5,"top":460.5}},{"unicode":125,"advance":0.3603515625,"planeBounds":{"left":-0.070068359375,"bottom":-0.2421875,"right":0.429931640625,"top":0.7890625},"atlasBounds":{"left":550.5,"bottom":62.5,"right":582.5,"top":128.5}},{"unicode":126,"advance":0.6318359375,"planeBounds":{"left":-0.020018838816268807,"bottom":0.1640625,"right":0.65185616118373124,"top":0.5390625},"atlasBounds":{"left":334.5,"bottom":8.5,"right":377.5,"top":32.5}},{"unicode":1025,"advance":0.57568359375,"planeBounds":{"left":-0.017578125,"bottom":-0.0859375,"right":0.607421875,"top":0.9765625},"atlasBounds":{"left":186.5,"bottom":0.5,"right":226.5,"top":68.5}},{"unicode":1040,"advance":0.67822265625,"planeBounds":{"left":-0.067138671875,"bottom":-0.0859375,"right":0.745361328125,"top":0.7890625},"atlasBounds":{"left":132.5,"bottom":345.5,"right":184.5,"top":401.5}},{"unicode":1041,"advance":0.62890625,"planeBounds":{"left":-0.01171875,"bottom":-0.0859375,"right":0.66015625,"top":0.7890625},"atlasBounds":{"left":334.5,"bottom":184.5,"right":377.5,"top":240.5}},{"unicode":1042,"advance":0.63671875,"planeBounds":{"left":-0.01611328125,"bottom":-0.0859375,"right":0.68701171875,"top":0.7890625},"atlasBounds":{"left":287.5,"bottom":236.5,"right":332.5,"top":292.5}},{"unicode":1043,"advance":0.5390625,"planeBounds":{"left":-0.017333984375,"bottom":-0.0859375,"right":0.592041015625,"top":0.7890625},"atlasBounds":{"left":509.5,"bottom":479.5,"right":548.5,"top":535.5}},{"unicode":1044,"advance":0.748046875,"planeBounds":{"left":-0.068603515625,"bottom":-0.2265625,"right":0.806396484375,"top":0.7890625},"atlasBounds":{"left":74.5,"bottom":403.5,"right":130.5,"top":468.5}},{"unicode":1045,"advance":0.57568359375,"planeBounds":{"left":-0.017578125,"bottom":-0.0859375,"right":0.607421875,"top":0.7890625},"atlasBounds":{"left":467.5,"bottom":131.5,"right":507.5,"top":187.5}},{"unicode":1046,"advance":0.99072265625,"planeBounds":{"left":-0.0751953125,"bottom":-0.0859375,"right":1.0654296875,"top":0.7890625},"atlasBounds":{"left":0.5,"bottom":583.5,"right":73.5,"top":639.5}},{"unicode":1047,"advance":0.60986328125,"planeBounds":{"left":-0.046630859375,"bottom":-0.1015625,"right":0.656494140625,"top":0.8046875},"atlasBounds":{"left":287.5,"bottom":177.5,"right":332.5,"top":235.5}},{"unicode":1048,"advance":0.72998046875,"planeBounds":{"left":-0.01806640625,"bottom":-0.0859375,"right":0.74755859375,"top":0.7890625},"atlasBounds":{"left":186.5,"bottom":241.5,"right":235.5,"top":297.5}},{"unicode":1049,"advance":0.72998046875,"planeBounds":{"left":-0.01806640625,"bottom":-0.0859375,"right":0.74755859375,"top":0.9921875},"atlasBounds":{"left":186.5,"bottom":171.5,"right":235.5,"top":240.5}},{"unicode":1050,"advance":0.65478515625,"planeBounds":{"left":-0.01123046875,"bottom":-0.0859375,"right":0.72314453125,"top":0.7890625},"atlasBounds":{"left":237.5,"bottom":72.5,"right":284.5,"top":128.5}},{"unicode":1051,"advance":0.703125,"planeBounds":{"left":-0.06103515625,"bottom":-0.0859375,"right":0.72021484375,"top":0.7890625},"atlasBounds":{"left":186.5,"bottom":412.5,"right":236.5,"top":468.5}},{"unicode":1052,"advance":0.861328125,"planeBounds":{"left":-0.014892578125,"bottom":-0.0859375,"right":0.875732421875,"top":0.7890625},"atlasBounds":{"left":74.5,"bottom":526.5,"right":131.5,"top":582.5}},{"unicode":1053,"advance":0.72802734375,"planeBounds":{"left":-0.018798828125,"bottom":-0.0859375,"right":0.746826171875,"top":0.7890625},"atlasBounds":{"left":186.5,"bottom":114.5,"right":235.5,"top":170.5}},{"unicode":1054,"advance":0.75439453125,"planeBounds":{"left":-0.036865234375,"bottom":-0.1015625,"right":0.791259765625,"top":0.8046875},"atlasBounds":{"left":132.5,"bottom":459.5,"right":185.5,"top":517.5}},{"unicode":1055,"advance":0.7197265625,"planeBounds":{"left":-0.01513671875,"bottom":-0.0859375,"right":0.73486328125,"top":0.7890625},"atlasBounds":{"left":237.5,"bottom":354.5,"right":285.5,"top":410.5}},{"unicode":1056,"advance":0.61572265625,"planeBounds":{"left":-0.013427734375,"bottom":-0.0859375,"right":0.658447265625,"top":0.7890625},"atlasBounds":{"left":380.5,"bottom":422.5,"right":423.5,"top":478.5}},{"unicode":1057,"advance":0.7109375,"planeBounds":{"left":-0.04052734375,"bottom":-0.1015625,"right":0.75634765625,"top":0.8046875},"atlasBounds":{"left":132.5,"bottom":111.5,"right":183.5,"top":169.5}},{"unicode":1058,"advance":0.60400390625,"planeBounds":{"left":-0.0498046875,"bottom":-0.0859375,"right":0.6533203125,"top":0.7890625},"atlasBounds":{"left":287.5,"bottom":61.5,"right":332.5,"top":117.5}},{"unicode":1059,"advance":0.63134765625,"planeBounds":{"left":-0.065185546875,"bottom":-0.0859375,"right":0.700439453125,"top":0.7890625},"atlasBounds":{"left":237.5,"bottom":583.5,"right":286.5,"top":639.5}},{"unicode":1060,"advance":0.8369140625,"planeBounds":{"left":-0.042724609375,"bottom":-0.1015625,"right":0.879150390625,"top":0.8046875},"atlasBounds":{"left":0.5,"bottom":240.5,"right":59.5,"top":298.5}},{"unicode":1061,"advance":0.6767578125,"planeBounds":{"left":-0.05224609375,"bottom":-0.0859375,"right":0.72900390625,"top":0.7890625},"atlasBounds":{"left":186.5,"bottom":355.5,"right":236.5,"top":411.5}},{"unicode":1062,"advance":0.76416015625,"planeBounds":{"left":-0.01806640625,"bottom":-0.2265625,"right":0.82568359375,"top":0.7890625},"atlasBounds":{"left":74.5,"bottom":245.5,"right":128.5,"top":310.5}},{"unicode":1063,"advance":0.68896484375,"planeBounds":{"left":-0.0283203125,"bottom":-0.0859375,"right":0.7060546875,"top":0.7890625},"atlasBounds":{"left":237.5,"bottom":129.5,"right":284.5,"top":185.5}},{"unicode":1064,"advance":0.95166015625,"planeBounds":{"left":-0.016357421875,"bottom":-0.0859375,"right":0.968017578125,"top":0.7890625},"atlasBounds":{"left":0.5,"bottom":344.5,"right":63.5,"top":400.5}},{"unicode":1065,"advance":0.99560546875,"planeBounds":{"left":-0.011474609375,"bottom":-0.2265625,"right":1.051025390625,"top":0.7890625},"atlasBounds":{"left":0.5,"bottom":460.5,"right":68.5,"top":525.5}},{"unicode":1066,"advance":0.7431640625,"planeBounds":{"left":-0.05322265625,"bottom":-0.0859375,"right":0.79052734375,"top":0.7890625},"atlasBounds":{"left":74.5,"bottom":188.5,"right":128.5,"top":244.5}},{"unicode":1067,"advance":0.86083984375,"planeBounds":{"left":-0.014892578125,"bottom":-0.0859375,"right":0.875732421875,"top":0.7890625},"atlasBounds":{"left":74.5,"bottom":469.5,"right":131.5,"top":525.5}},{"unicode":1068,"advance":0.619140625,"planeBounds":{"left":-0.017822265625,"bottom":-0.0859375,"right":0.669677734375,"top":0.7890625},"atlasBounds":{"left":334.5,"bottom":241.5,"right":378.5,"top":297.5}},{"unicode":1069,"advance":0.7109375,"planeBounds":{"left":-0.04541015625,"bottom":-0.1015625,"right":0.75146484375,"top":0.8046875},"atlasBounds":{"left":132.5,"bottom":52.5,"right":183.5,"top":110.5}},{"unicode":1070,"advance":1.00244140625,"planeBounds":{"left":-0.01806640625,"bottom":-0.1015625,"right":1.04443359375,"top":0.8046875},"atlasBounds":{"left":0.5,"bottom":401.5,"right":68.5,"top":459.5}},{"unicode":1071,"advance":0.65380859375,"planeBounds":{"left":-0.052490234375,"bottom":-0.0859375,"right":0.666259765625,"top":0.7890625},"atlasBounds":{"left":237.5,"bottom":15.5,"right":283.5,"top":71.5}},{"unicode":1072,"advance":0.5400390625,"planeBounds":{"left":-0.051513671875,"bottom":-0.1015625,"right":0.573486328125,"top":0.6171875},"atlasBounds":{"left":509.5,"bottom":593.5,"right":549.5,"top":639.5}},{"unicode":1073,"advance":0.57568359375,"planeBounds":{"left":-0.04638671875,"bottom":-0.1015625,"right":0.62548828125,"top":0.8203125},"atlasBounds":{"left":380.5,"bottom":305.5,"right":423.5,"top":364.5}},{"unicode":1074,"advance":0.525390625,"planeBounds":{"left":-0.02490234375,"bottom":-0.0859375,"right":0.56884765625,"top":0.6015625},"atlasBounds":{"left":550.5,"bottom":497.5,"right":588.5,"top":541.5}},{"unicode":1075,"advance":0.4365234375,"planeBounds":{"left":-0.028076171875,"bottom":-0.0859375,"right":0.487548828125,"top":0.6015625},"atlasBounds":{"left":550.5,"bottom":196.5,"right":583.5,"top":240.5}},{"unicode":1076,"advance":0.61328125,"planeBounds":{"left":-0.07080078125,"bottom":-0.2265625,"right":0.67919921875,"top":0.6015625},"atlasBounds":{"left":237.5,"bottom":300.5,"right":285.5,"top":353.5}},{"unicode":1077,"advance":0.548828125,"planeBounds":{"left":-0.045654296875,"bottom":-0.1015625,"right":0.594970703125,"top":0.6171875},"atlasBounds":{"left":424.5,"bottom":100.5,"right":465.5,"top":146.5}},{"unicode":1078,"advance":0.7880859375,"planeBounds":{"left":-0.074951171875,"bottom":-0.0859375,"right":0.862548828125,"top":0.6015625},"atlasBounds":{"left":0.5,"bottom":299.5,"right":60.5,"top":343.5}},{"unicode":1079,"advance":0.5048828125,"planeBounds":{"left":-0.055908203125,"bottom":-0.1015625,"right":0.553466796875,"top":0.6171875},"atlasBounds":{"left":509.5,"bottom":270.5,"right":548.5,"top":316.5}},{"unicode":1080,"advance":0.57568359375,"planeBounds":{"left":-0.024658203125,"bottom":-0.0859375,"right":0.600341796875,"top":0.6015625},"atlasBounds":{"left":467.5,"bottom":188.5,"right":507.5,"top":232.5}},{"unicode":1081,"advance":0.57568359375,"planeBounds":{"left":-0.024658203125,"bottom":-0.0859375,"right":0.600341796875,"top":0.8359375},"atlasBounds":{"left":467.5,"bottom":25.5,"right":507.5,"top":84.5}},{"unicode":1082,"advance":0.5283203125,"planeBounds":{"left":-0.025146484375,"bottom":-0.0859375,"right":0.599853515625,"top":0.6015625},"atlasBounds":{"left":467.5,"bottom":335.5,"right":507.5,"top":379.5}},{"unicode":1083,"advance":0.56005859375,"planeBounds":{"left":-0.067626953125,"bottom":-0.0859375,"right":0.588623046875,"top":0.6015625},"atlasBounds":{"left":380.5,"bottom":260.5,"right":422.5,"top":304.5}},{"unicode":1084,"advance":0.72509765625,"planeBounds":{"left":-0.028076171875,"bottom":-0.0859375,"right":0.753173828125,"top":0.6015625},"atlasBounds":{"left":132.5,"bottom":7.5,"right":182.5,"top":51.5}},{"unicode":1085,"advance":0.56982421875,"planeBounds":{"left":-0.02783203125,"bottom":-0.0859375,"right":0.59716796875,"top":0.6015625},"atlasBounds":{"left":467.5,"bottom":473.5,"right":507.5,"top":517.5}},{"unicode":1086,"advance":0.56689453125,"planeBounds":{"left":-0.05224609375,"bottom":-0.1015625,"right":0.61962890625,"top":0.6171875},"atlasBounds":{"left":334.5,"bottom":137.5,"right":377.5,"top":183.5}},{"unicode":1087,"advance":0.56494140625,"planeBounds":{"left":-0.030029296875,"bottom":-0.0859375,"right":0.594970703125,"top":0.6015625},"atlasBounds":{"left":467.5,"bottom":290.5,"right":507.5,"top":334.5}},{"unicode":1088,"advance":0.58740234375,"planeBounds":{"left":-0.02392578125,"bottom":-0.2578125,"right":0.63232421875,"top":0.6171875},"atlasBounds":{"left":424.5,"bottom":493.5,"right":466.5,"top":549.5}},{"unicode":1089,"advance":0.53515625,"planeBounds":{"left":-0.0498046875,"bottom":-0.1015625,"right":0.5908203125,"top":0.6171875},"atlasBounds":{"left":467.5,"bottom":593.5,"right":508.5,"top":639.5}},{"unicode":1090,"advance":0.47998046875,"planeBounds":{"left":-0.064697265625,"bottom":-0.0859375,"right":0.544677734375,"top":0.6015625},"atlasBounds":{"left":509.5,"bottom":225.5,"right":548.5,"top":269.5}},{"unicode":1091,"advance":0.53173828125,"planeBounds":{"left":-0.0703125,"bottom":-0.2734375,"right":0.6015625,"top":0.6015625},"atlasBounds":{"left":380.5,"bottom":526.5,"right":423.5,"top":582.5}},{"unicode":1092,"advance":0.736328125,"planeBounds":{"left":-0.0458984375,"bottom":-0.2578125,"right":0.7822265625,"top":0.7734375},"atlasBounds":{"left":74.5,"bottom":62.5,"right":127.5,"top":128.5}},{"unicode":1093,"advance":0.515625,"planeBounds":{"left":-0.06201171875,"bottom":-0.0859375,"right":0.57861328125,"top":0.6015625},"atlasBounds":{"left":424.5,"bottom":298.5,"right":465.5,"top":342.5}},{"unicode":1094,"advance":0.60107421875,"planeBounds":{"left":-0.031005859375,"bottom":-0.2265625,"right":0.672119140625,"top":0.6015625},"atlasBounds":{"left":334.5,"bottom":415.5,"right":379.5,"top":468.5}},{"unicode":1095,"advance":0.54443359375,"planeBounds":{"left":-0.037841796875,"bottom":-0.0859375,"right":0.571533203125,"top":0.6015625},"atlasBounds":{"left":509.5,"bottom":180.5,"right":548.5,"top":224.5}},{"unicode":1096,"advance":0.79345703125,"planeBounds":{"left":-0.025146484375,"bottom":-0.0859375,"right":0.818603515625,"top":0.6015625},"atlasBounds":{"left":74.5,"bottom":311.5,"right":128.5,"top":355.5}},{"unicode":1097,"advance":0.830078125,"planeBounds":{"left":-0.025634765625,"bottom":-0.2265625,"right":0.896240234375,"top":0.6015625},"atlasBounds":{"left":0.5,"bottom":186.5,"right":59.5,"top":239.5}},{"unicode":1098,"advance":0.60546875,"planeBounds":{"left":-0.061279296875,"bottom":-0.0859375,"right":0.657470703125,"top":0.6015625},"atlasBounds":{"left":287.5,"bottom":359.5,"right":333.5,"top":403.5}},{"unicode":1099,"advance":0.7041015625,"planeBounds":{"left":-0.03076171875,"bottom":-0.0859375,"right":0.73486328125,"top":0.6015625},"atlasBounds":{"left":186.5,"bottom":69.5,"right":235.5,"top":113.5}},{"unicode":1100,"advance":0.50341796875,"planeBounds":{"left":-0.025146484375,"bottom":-0.0859375,"right":0.552978515625,"top":0.6015625},"atlasBounds":{"left":550.5,"bottom":452.5,"right":587.5,"top":496.5}},{"unicode":1101,"advance":0.53515625,"planeBounds":{"left":-0.05517578125,"bottom":-0.1015625,"right":0.58544921875,"top":0.6171875},"atlasBounds":{"left":424.5,"bottom":53.5,"right":465.5,"top":99.5}},{"unicode":1102,"advance":0.7822265625,"planeBounds":{"left":-0.028076171875,"bottom":-0.1015625,"right":0.831298828125,"top":0.6171875},"atlasBounds":{"left":74.5,"bottom":356.5,"right":129.5,"top":402.5}},{"unicode":1103,"advance":0.52197265625,"planeBounds":{"left":-0.059326171875,"bottom":-0.0859375,"right":0.550048828125,"top":0.6015625},"atlasBounds":{"left":509.5,"bottom":78.5,"right":548.5,"top":122.5}},{"unicode":1105,"advance":0.548828125,"planeBounds":{"left":-0.045654296875,"bottom":-0.1015625,"right":0.594970703125,"top":0.8046875},"atlasBounds":{"left":424.5,"bottom":194.5,"right":465.5,"top":252.5}}],"kerning":[]}
