{
    "vertex": "Vibe:core/msdf_font",
    "fragment": "Vibe:core/msdf_font",
    "samplers": [
        { "name": "Sampler0" }
    ],
    "uniforms": [
        { "name": "ModelViewMat", "type": "matrix4x4", "count": 16, "values": [ 1.0, 0.0, 0.0, 0.0, 0.0, 1.0, 0.0, 0.0, 0.0, 0.0, 1.0, 0.0, 0.0, 0.0, 0.0, 1.0 ] },
        { "name": "ProjMat", "type": "matrix4x4", "count": 16, "values": [ 1.0, 0.0, 0.0, 0.0, 0.0, 1.0, 0.0, 0.0, 0.0, 0.0, 1.0, 0.0, 0.0, 0.0, 0.0, 1.0 ] },
        { "name": "Range", "type": "float", "count": 1, "values": [ 0.0 ] },
        { "name": "Thickness", "type": "float", "count": 1, "values": [ 0.0 ] },
        { "name": "Smoothness", "type": "float", "count": 1, "values": [ 0.0 ] },
        { "name": "Outline", "type": "int", "count": 1, "values": [ 0 ] },
        { "name": "OutlineThickness", "type": "float", "count": 1, "values": [ 0.0 ] },
        { "name": "OutlineColor", "type": "float", "count": 4, "values": [ 0.0, 0.0, 0.0, 0.0 ] }
    ]
}