{
  "required": true,
  "minVersion": "0.8",
  "package": "ru.expensive.asm.mixins",
  "compatibilityLevel": "JAVA_17",
  "mixins": [
    "AbstractBlockMixin",
    "ChatInputSuggestorMixin",
    "ClientConnectionMixin",
    "ClientPlayerEntityMixin",
    "ClientPlayerInteractionManagerMixin",
    "ClientPlayNetworkHandlerMixin",
    "EntityMixin",
    "FireworkRocketEntityMixin",
    "InGameOverlayRendererMixin",
    "ItemMixin",
    "KeyboardMixin",
    "LivingEntityMixin",
    "MinecraftServerMixin",
    "PlayerEntityMixin",
    "accessors.LivingEntityAccessor"
  ],
  "injectors": {
    "defaultRequire": 1
  },
  "client": [
    "BossBarHudMixin",
    "CameraMixin",
    "ChatScreenMixin",
    "DeathScreenMixin",
    "GameRendererMixin",
    "HandledScreenMixin",
    "HeldItemRendererMixin",
    "InGameMixin",
    "InputMixin",
    "KeyboardInputMixin",
    "MinecraftClientMixin",
    "ScreenMixin",
    "ShaderProgramMixin",
    "TitleScreenMixin",
    "WorldRendererMixin",
    "accessors.GameRendererAccessor",
    "accessors.BossBarHudAccessor",
    "accessors.MinecraftClientAccessor",
    "accessors.NativeImageAccessor",
    "accessors.ShaderProgramAccessor",
    "accessors.TypeAccessor"
  ]
}
