{"atlas":{"type":"mtsdf","distanceRange":12,"size":64,"width":192,"height":192,"yOrigin":"bottom"},"metrics":{"emSize":1,"lineHeight":1,"ascender":0.9375,"descender":-0.0625,"underlineY":0,"underlineThickness":0},"glyphs":[{"unicode":32,"advance":0.5},{"unicode":97,"advance":1,"planeBounds":{"left":0.0205078125,"bottom":-0.078125,"right":0.9580078125,"top":0.953125},"atlasBounds":{"left":0.5,"bottom":125.5,"right":60.5,"top":191.5}},{"unicode":98,"advance":1,"planeBounds":{"left":-0.015663752480158694,"bottom":-0.078095407196969668,"right":1.0155862475198414,"top":0.95315459280303028},"atlasBounds":{"left":122.5,"bottom":125.5,"right":188.5,"top":191.5}},{"unicode":99,"advance":1,"planeBounds":{"left":-0.015625,"bottom":-0.078125,"right":1.015625,"top":0.953125},"atlasBounds":{"left":0.5,"bottom":58.5,"right":66.5,"top":124.5}},{"unicode":100,"advance":1,"planeBounds":{"left":0.0703125,"bottom":-0.060546875,"right":0.9296875,"top":0.955078125},"atlasBounds":{"left":67.5,"bottom":59.5,"right":122.5,"top":124.5}},{"unicode":101,"advance":1,"planeBounds":{"left":0.02880859375,"bottom":-0.03369140625,"right":1.01318359375,"top":0.95068359375},"atlasBounds":{"left":123.5,"bottom":61.5,"right":186.5,"top":124.5}},{"unicode":102,"advance":1,"planeBounds":{"left":0.03125,"bottom":-0.078125,"right":0.96875,"top":0.953125},"atlasBounds":{"left":61.5,"bottom":125.5,"right":121.5,"top":191.5}}],"kerning":[]}
