{"atlas":{"type":"mtsdf","distanceRange":32,"distanceRangeMiddle":0,"size":128,"width":416,"height":416,"yOrigin":"bottom"},"metrics":{"emSize":1,"lineHeight":1,"ascender":0.9375,"descender":-0.0625,"underlineY":0,"underlineThickness":0},"glyphs":[{"unicode":32,"advance":0.5},{"unicode":97,"advance":1,"planeBounds":{"left":-0.0546875,"bottom":-0.11328125,"right":1.0546875,"top":0.98828125},"atlasBounds":{"left":140.5,"bottom":274.5,"right":282.5,"top":415.5}},{"unicode":98,"advance":1,"planeBounds":{"left":-0.04296875,"bottom":-0.10546875,"right":1.04296875,"top":1.01171875},"atlasBounds":{"left":0.5,"bottom":272.5,"right":139.5,"top":415.5}},{"unicode":99,"advance":1,"planeBounds":{"left":0.0390625,"bottom":-0.10546875,"right":0.9609375,"top":0.98046875},"atlasBounds":{"left":283.5,"bottom":276.5,"right":401.5,"top":415.5}},{"unicode":100,"advance":1,"planeBounds":{"left":-0.04296875,"bottom":-0.10546875,"right":1.04296875,"top":0.98046875},"atlasBounds":{"left":140.5,"bottom":132.5,"right":279.5,"top":271.5}},{"unicode":101,"advance":1,"planeBounds":{"left":-0.04296875,"bottom":-0.10546875,"right":1.04296875,"top":0.98046875},"atlasBounds":{"left":0.5,"bottom":132.5,"right":139.5,"top":271.5}},{"unicode":102,"advance":1,"planeBounds":{"left":-0.0024414062499999445,"bottom":-0.10546875,"right":1.04443359375,"top":0.98046875},"atlasBounds":{"left":280.5,"bottom":132.5,"right":414.5,"top":271.5}}],"kerning":[]}
