{"atlas":{"type":"mtsdf","distanceRange":32,"distanceRangeMiddle":0,"size":128,"width":432,"height":432,"yOrigin":"bottom"},"metrics":{"emSize":1,"lineHeight":1,"ascender":0.9375,"descender":-0.0625,"underlineY":0,"underlineThickness":0},"glyphs":[{"unicode":32,"advance":0.5},{"unicode":97,"advance":1,"planeBounds":{"left":0.039062499999999944,"bottom":-0.19140625,"right":0.9609375,"top":1.06640625},"atlasBounds":{"left":0.5,"bottom":270.5,"right":118.5,"top":431.5}},{"unicode":98,"advance":1,"planeBounds":{"left":-0.0390625,"bottom":-0.19140625,"right":1.0390625,"top":1.06640625},"atlasBounds":{"left":119.5,"bottom":270.5,"right":257.5,"top":431.5}},{"unicode":99,"advance":1,"planeBounds":{"left":-0.125,"bottom":-0.19140625,"right":1.125,"top":1.06640625},"atlasBounds":{"left":258.5,"bottom":270.5,"right":418.5,"top":431.5}},{"unicode":100,"advance":1,"planeBounds":{"left":-0.0546875,"bottom":-0.05859375,"right":1.0546875,"top":0.93359375},"atlasBounds":{"left":0.5,"bottom":2.5,"right":142.5,"top":129.5}},{"unicode":101,"advance":1,"planeBounds":{"left":-0.04296875,"bottom":-0.10546875,"right":1.04296875,"top":0.98046875},"atlasBounds":{"left":0.5,"bottom":130.5,"right":139.5,"top":269.5}},{"unicode":102,"advance":1,"planeBounds":{"left":-0.125,"bottom":-0.12890625,"right":1.125,"top":0.94140625},"atlasBounds":{"left":140.5,"bottom":132.5,"right":300.5,"top":269.5}}],"kerning":[]}
