{"atlas":{"type":"mtsdf","distanceRange":32,"distanceRangeMiddle":0,"size":128,"width":452,"height":452,"yOrigin":"bottom"},"metrics":{"emSize":1,"lineHeight":1,"ascender":0.9375,"descender":-0.0625,"underlineY":0,"underlineThickness":0},"glyphs":[{"unicode":32,"advance":0.5},{"unicode":97,"advance":1,"planeBounds":{"left":-0.04296875,"bottom":-0.10546875,"right":1.04296875,"top":0.98046875},"atlasBounds":{"left":312.5,"bottom":312.5,"right":451.5,"top":451.5}},{"unicode":98,"advance":1,"planeBounds":{"left":-0.04296875,"bottom":-0.10546875,"right":1.04296875,"top":0.98046875},"atlasBounds":{"left":312.5,"bottom":172.5,"right":451.5,"top":311.5}},{"unicode":99,"advance":1,"planeBounds":{"left":-0.0859375,"bottom":-0.12890625,"right":1.0859375,"top":0.96484375},"atlasBounds":{"left":0.5,"bottom":93.5,"right":150.5,"top":233.5}},{"unicode":100,"advance":1,"planeBounds":{"left":0.08203125,"bottom":-0.08984375,"right":0.91796875,"top":0.91796875},"atlasBounds":{"left":161.5,"bottom":30.5,"right":268.5,"top":159.5}},{"unicode":101,"advance":1,"planeBounds":{"left":-0.0859375,"bottom":-0.16796875,"right":1.0859375,"top":1.00390625},"atlasBounds":{"left":161.5,"bottom":301.5,"right":311.5,"top":451.5}},{"unicode":102,"advance":1,"planeBounds":{"left":-0.125,"bottom":-0.00390625,"right":1.125,"top":0.83984375},"atlasBounds":{"left":0.5,"bottom":343.5,"right":160.5,"top":451.5}},{"unicode":103,"advance":1,"planeBounds":{"left":-0.125,"bottom":-0.00390625,"right":1.125,"top":0.83984375},"atlasBounds":{"left":0.5,"bottom":234.5,"right":160.5,"top":342.5}},{"unicode":104,"advance":3.8134765625,"planeBounds":{"left":1.2871743652275327,"bottom":-0.25390625,"right":2.4434243652275329,"top":0.83984375},"atlasBounds":{"left":161.5,"bottom":160.5,"right":309.5,"top":300.5}}],"kerning":[]}
